serial number,account_info,duration_month,credit_history,purpose,savings_account,employment_st,poi,personal_status,gurantors,resident_since,property_type,age,installment_type,housing_type,credits_no,job_type,liables,telephone,foreigner,Group_no
1,A11,6,A34,A43,A65,A75,4,A93,A101,4,A121,67,A143,A152,2,A173,1,A192,A201,3
2,A12,48,A32,A43,A61,A73,2,A92,A101,2,A121,22,A143,A152,1,A173,1,A191,A201,1
3,A14,12,A34,A46,A61,A74,2,A93,A101,3,A121,49,A143,A152,1,A172,2,A191,A201,2
4,A11,42,A32,A42,A61,A74,2,A93,A103,4,A122,45,A143,A153,1,A173,2,A191,A201,1
5,A11,24,A33,A40,A61,A73,3,A93,A101,4,A124,53,A143,A153,2,A173,2,A191,A201,1
6,A14,36,A32,A46,A65,A73,2,A93,A101,4,A124,35,A143,A153,1,A172,2,A192,A201,1
7,A14,24,A32,A42,A63,A75,3,A93,A101,4,A122,53,A143,A152,1,A173,1,A191,A201,2
8,A12,36,A32,A41,A61,A73,2,A93,A101,2,A123,35,A143,A151,1,A174,1,A192,A201,1
9,A14,12,A32,A43,A64,A74,2,A91,A101,4,A121,61,A143,A152,1,A172,1,A191,A201,2
10,A12,30,A34,A40,A61,A71,4,A94,A101,2,A123,28,A143,A152,2,A174,1,A191,A201,1
11,A12,12,A32,A40,A61,A72,3,A92,A101,1,A123,25,A143,A151,1,A173,1,A191,A201,3
12,A11,48,A32,A49,A61,A72,3,A92,A101,4,A122,24,A143,A151,1,A173,1,A191,A201,1
13,A12,12,A32,A43,A61,A73,1,A92,A101,1,A123,22,A143,A152,1,A173,1,A192,A201,2
14,A11,24,A34,A40,A61,A75,4,A93,A101,4,A123,60,A143,A152,2,A172,1,A191,A201,3
15,A11,15,A32,A40,A61,A73,2,A92,A101,4,A123,28,A143,A151,1,A173,1,A191,A201,3
16,A11,24,A32,A43,A62,,4,A92,A101,2,A123,32,A143,A152,1,A172,1,A191,A201,3
17,A14,24,A34,A43,A65,A75,4,A93,A101,4,A122,53,A143,A152,2,A173,1,A191,A201,2
18,A11,30,A30,A49,A65,A72,2,A93,A101,3,A123,25,A141,A152,3,A173,1,A191,A201,1
19,A12,24,A32,A41,A61,A75,4,A92,A101,2,A124,44,A143,A153,1,A174,1,A192,A201,1
20,A14,24,A32,A43,A63,A75,3,A93,A101,2,A123,31,A143,A152,1,A173,2,A192,A201,2
21,A14,9,A34,A40,A61,A73,4,A93,A101,4,A123,48,A143,A152,3,A173,1,A192,A201,2
22,A11,6,A32,A43,A63,A73,2,A93,A101,3,A121,44,A143,A151,1,A173,2,A191,A201,2
23,A11,10,A34,A40,A61,A72,1,A93,A101,3,A121,48,A143,A151,2,A172,2,A191,A202,2
24,A12,12,A34,A41,A62,A72,3,A93,A101,4,A122,44,A143,A152,1,A173,1,A191,A201,2
25,A14,10,A34,A42,A65,A73,2,A94,A101,1,A123,26,A143,A152,2,A173,1,A191,A202,2
26,A11,6,A32,A42,A61,A73,1,A93,A101,2,A121,36,A141,A152,1,A172,1,A192,A201,3
27,A14,6,A30,A43,A61,A75,4,A94,A101,4,A123,39,A143,A152,1,A172,1,A191,A201,3
28,A13,12,A31,A43,A64,A73,3,A92,A101,3,A121,42,A143,A151,2,A173,1,A191,A201,3
29,A12,7,A32,A43,A61,A73,3,A93,A103,2,A121,34,A143,A152,1,A173,1,A191,A201,2
30,A11,60,A33,A49,A61,A75,3,A93,A101,4,A124,63,A143,A152,2,A173,1,A192,A201,1
31,A12,18,A32,A49,A64,A72,3,A94,A101,3,A121,36,A141,A152,1,A173,1,A192,A201,2
32,A11,24,A32,A42,A61,A73,2,A93,A101,2,A123,27,A142,A152,1,A173,1,A191,A201,1
33,A12,18,A32,A40,A62,A73,2,A93,A101,2,A123,30,A143,A152,2,A173,1,A192,A201,1
34,A14,12,A34,A49,A65,A75,4,A93,A101,4,A124,57,A143,A151,1,A172,1,A191,A201,3
35,A13,12,A32,A42,A61,A72,4,A92,A101,1,A122,33,A141,,1,A174,1,A192,A201,3
36,A12,45,A34,A43,A61,A72,4,A93,A101,2,A122,25,A143,A152,2,A172,1,A191,A201,1
37,A14,48,A34,A46,A61,A73,1,A93,A101,3,A124,31,A141,A153,1,A173,1,A192,A201,1
38,A13,18,A32,A43,A61,A73,4,A93,A102,2,A121,37,A142,A152,1,A173,1,A191,A201,2
39,A13,10,A32,A44,A61,A73,2,A93,A101,2,A123,37,A143,A152,1,A173,1,A192,A201,3
40,A12,9,A32,A43,A61,A73,4,A93,A101,3,A121,24,A143,A152,1,A173,1,A191,A201,3
41,A14,30,A32,A43,A63,A75,,A93,A101,2,A123,30,A141,A152,1,A174,1,A191,A201,2
42,A12,12,A32,A43,A63,A73,3,A91,A101,1,A123,26,A143,A152,1,A173,1,A192,A201,3
43,A12,18,A33,A45,A61,A73,2,A93,A101,4,A121,44,A143,A152,1,A172,2,A192,A201,1
44,A11,30,A34,A41,A62,A74,1,A94,A101,4,A123,24,A143,A151,2,A173,1,A191,A201,1
45,A11,48,A34,A41,A61,A75,4,A92,A101,4,A124,58,A142,A153,2,A172,1,A191,A201,1
46,A14,11,A34,A40,A61,A72,4,A92,A101,4,A123,,A143,A152,2,A174,1,A191,A201,3
47,A14,36,A32,A43,A63,A75,4,A93,A101,4,A123,39,A143,A152,1,A173,1,A191,A201,2
48,A11,6,A32,A41,A63,A71,1,A92,A101,2,A122,23,A143,A151,1,A171,1,A192,A201,3
49,A14,11,A34,A40,A61,A73,1,A93,A101,4,A122,39,A143,A152,2,A172,1,A191,A201,1
50,A14,12,A32,A43,A62,A73,4,A92,A102,2,A121,28,A143,A152,1,A173,1,A191,A201,2
51,A12,24,A33,A42,A65,A72,4,A93,A101,2,A122,29,A141,A152,1,A172,1,A191,A201,2
52,A12,27,A33,A41,A61,A75,1,A93,A101,2,A123,30,A143,A152,2,A174,1,A192,A201,1
53,A14,12,A32,A43,A61,A73,3,A93,A101,2,A123,25,A143,A152,1,A173,1,A191,A201,3
54,A14,18,A32,A41,A65,A73,2,A93,A101,1,A122,31,A143,A152,1,A173,1,A192,A201,2
55,A12,36,A33,A40,A61,A75,4,A93,A101,4,A124,57,A141,A153,2,A173,1,A192,A201,2
56,A14,6,A31,A40,A65,A73,1,A93,A103,2,A121,26,A142,A152,1,A172,2,A191,A201,3
57,A12,12,A32,A43,A65,A71,2,A93,A101,1,A124,52,A143,A152,1,A174,1,A192,A201,1
58,A14,36,A34,A43,A61,A73,2,A92,A101,2,A123,31,A142,A152,2,A173,1,A191,A201,1
59,A13,18,A32,A40,A61,A75,3,A92,A101,2,A123,23,A143,A152,1,A174,1,A191,A201,2
60,A11,36,A34,A42,A61,A72,4,A92,A102,4,A124,23,A143,A151,2,A172,1,A192,A201,1
61,A12,9,A32,A49,A61,A73,2,A94,A101,1,A121,27,A141,A152,1,A173,1,A192,A201,3
62,A12,15,A34,A43,A65,A75,4,A93,A103,4,A121,50,A143,A152,2,A173,1,A192,A201,2
63,A12,36,A30,A49,A61,A75,4,A93,A101,4,A124,61,A143,A153,1,A174,1,A192,A201,2
64,A12,48,A30,A49,A61,A73,2,A93,A101,2,A123,25,A143,A152,1,A173,1,A192,A201,1
65,A14,24,A32,A43,A61,A72,4,A92,,4,A122,26,A143,A152,1,A173,1,A192,A201,2
66,A14,27,A32,A45,A65,A75,4,A93,A101,4,A122,48,A143,A152,4,A173,2,A192,A201,1
67,A14,12,A32,A43,A61,A72,2,A92,A101,2,A123,29,A141,A152,1,A173,1,A191,A201,2
68,A12,12,A32,A40,A64,A73,4,A94,A101,1,A121,22,A143,A152,1,A173,1,A191,A201,3
69,A14,36,A32,A46,A61,A73,4,A93,A101,4,A124,37,A142,A153,1,A173,1,A192,A201,2
70,A14,36,A32,A43,A65,A73,4,A92,A101,4,A123,25,A143,A152,1,A173,1,A191,A201,2
71,A14,36,A32,A41,A61,A73,1,A92,A101,2,A122,30,A141,A152,1,A173,1,A191,A201,1
72,A14,7,A34,A43,A65,A75,4,A93,A101,2,A122,46,A143,A151,2,A172,1,A192,A201,3
73,A11,8,A34,A410,A61,A75,3,A93,A101,4,A124,51,A141,A153,2,A174,2,A192,A201,3
74,A12,42,A34,A49,A61,A74,2,A92,A101,1,A121,41,A141,A152,2,A172,1,A191,A201,1
75,A11,36,A32,A46,A65,A75,4,A93,A101,4,A124,40,A143,A152,1,A174,1,A192,A201,2
76,A11,12,A34,A41,A61,A75,4,A93,A101,4,A124,66,A143,A153,2,A174,1,A191,A201,2
77,A11,42,A32,A43,A61,A72,4,A93,A101,3,A123,34,A143,A152,1,A173,1,A191,A201,2
78,A12,11,A33,A43,A61,A74,2,A93,A101,4,A122,51,A143,A152,1,A173,1,A191,A201,1
79,A14,54,A30,A41,A65,A73,2,A93,A101,2,A122,39,A143,A152,1,A172,2,A191,A201,1
80,A12,30,A32,A42,A61,A72,2,A94,A101,1,A122,22,A143,A152,1,A173,1,A191,A201,2
81,A14,24,A32,A43,A65,A72,1,A92,A101,1,A123,44,A143,A152,2,A173,1,A192,A201,1
82,A14,15,A32,A43,A63,A75,4,A93,A101,3,A122,47,A142,A152,1,A173,1,A192,A201,3
83,A14,18,A32,A49,A62,A73,3,A92,A101,4,A122,24,A143,A151,1,A172,1,A191,A201,2
84,A11,24,A32,A410,A61,A75,4,A92,A103,4,A121,58,A143,A152,1,A172,1,A192,A201,2
85,A11,10,A32,A43,A61,A75,3,A93,A101,4,A121,52,A143,A152,1,A172,1,A191,A201,2
86,A14,12,A34,A49,A61,A73,4,A92,A103,2,A121,29,A143,A152,2,A174,1,A192,A201,3
87,A12,18,A34,A42,A61,A72,4,A92,A101,1,A122,27,A143,A152,2,A173,1,A191,A201,3
88,A12,36,A32,A46,A62,A73,1,A93,A101,4,A124,47,A143,A153,1,A173,2,A192,A201,1
89,A11,18,A32,A40,A62,A74,4,A93,A101,3,A123,30,A143,A152,1,A174,2,A192,A201,2
90,A11,12,A30,A45,A61,A74,4,A93,A101,3,A121,28,A143,A152,2,A173,1,A191,A201,3
91,A14,12,A34,A43,A61,A75,4,A93,A101,4,A121,56,A143,A152,1,A173,1,A191,A201,3
92,A11,12,A34,A41,A61,A75,4,A93,A101,3,A121,54,A143,A152,1,A173,1,A191,A201,3
93,A14,12,A34,A43,A65,A75,4,A92,A101,3,A122,33,A141,A152,1,A172,2,A191,A201,3
94,A13,24,A34,A42,A65,A75,4,A93,A102,4,A124,20,A143,A151,2,A173,1,A191,A201,2
95,A12,12,A32,A40,A64,A75,,A93,A101,4,A121,54,A143,A152,1,A173,1,A192,A201,3
96,A12,54,A30,A49,A61,A72,3,A93,A101,4,A124,58,A143,A151,1,A173,1,A192,A201,1
97,A14,12,A34,A46,A65,A74,4,A92,A101,2,A123,61,A143,A152,1,A173,1,A191,A201,2
98,A12,18,A32,A49,A62,A73,4,A93,A101,4,A123,34,A143,A152,1,A173,1,A191,A201,2
99,A12,36,A34,A43,A61,A75,4,A93,A101,4,A121,36,A143,A152,1,A173,1,A191,A201,2
100,A12,20,A33,A41,A65,A74,3,A93,A101,4,A122,36,A141,A151,2,A174,2,A192,A201,1
101,A14,24,A32,A40,A62,A75,4,A94,A101,4,A121,41,A143,A151,1,A172,1,A191,A201,3
102,A12,36,A32,A43,A61,A74,4,A93,A101,4,A123,24,A143,A151,1,A173,1,A191,A201,2
103,A14,6,A33,A43,A61,A73,3,A92,A101,2,A121,24,A143,A152,1,A173,1,A191,A201,3
104,A12,9,A34,A42,A61,A74,4,A93,A101,3,A123,35,A143,A151,1,A173,1,A192,A201,2
105,A14,12,A32,A41,A65,A72,2,A94,A101,4,A123,26,A143,A151,1,A173,1,A192,A201,2
106,A12,24,A34,A410,A61,A73,2,A93,A102,3,A123,39,A143,A152,2,A174,2,A192,A201,1
107,A14,18,A31,A40,A61,A75,2,A93,A101,4,A124,39,A141,A152,2,A174,2,A192,A201,1
108,A12,12,A32,A40,A61,A74,2,A93,A101,2,A123,32,A143,A152,1,A173,1,A191,A201,1
109,A11,24,A32,A42,A65,A72,1,A92,A101,2,A122,30,A143,A152,1,A173,1,A192,A202,1
110,A12,14,A32,A49,A63,A75,1,A94,A101,2,A121,35,A143,A152,1,A173,1,A192,A201,3
111,A12,6,A33,A49,A62,A75,1,A91,A101,2,A123,31,A141,A152,2,A173,2,A191,A201,3
112,A13,15,A32,A46,A61,A72,4,A92,A101,4,A122,23,A143,A151,1,A173,1,A192,A201,3
113,A12,18,A32,A40,A61,A74,3,A93,A101,3,A121,28,A143,A151,1,A172,1,A191,A201,1
114,A14,36,A34,A40,A61,A73,4,A92,A101,2,A121,25,A142,A152,2,A173,1,A192,A201,1
115,A11,12,A32,A43,A63,A75,3,A94,A101,1,A121,35,A143,A152,1,A173,1,A191,A201,2
116,A14,48,A34,A43,A65,A75,4,A93,A101,1,A121,47,A143,A152,1,A173,1,A192,A201,2
117,A11,42,A32,A43,A65,A74,4,A92,A101,3,A123,30,A143,A152,1,A174,1,A192,A201,1
118,A11,10,A34,A42,A65,A72,2,A92,A102,3,A121,27,A143,A151,2,A173,1,A191,A202,2
119,A11,33,A34,A42,A63,A73,1,A92,A101,4,A123,23,A143,A152,2,A173,1,A191,A201,1
120,A12,12,A34,A40,A63,A74,3,A91,A101,3,A123,36,A143,A152,1,A174,1,A192,A201,2
121,A11,21,A32,A43,A61,,3,A92,A101,2,A121,25,A143,A152,2,A173,1,A192,A201,2
122,A14,24,A34,A41,A61,A75,4,A92,A101,2,A123,41,A143,A151,2,A174,1,A192,A201,2
123,A14,12,A32,A42,A61,A73,3,A93,A101,2,A121,24,A143,A151,1,A172,1,A191,A201,2
124,A13,10,A34,A40,A61,A75,4,A93,A101,4,A124,63,A143,A153,2,A173,1,A192,A201,3
125,A12,18,A32,A42,A65,A72,4,A92,A101,3,A121,27,A143,A151,1,A173,1,A191,A201,2
126,A11,12,A34,A40,A61,A73,4,A93,A101,2,A122,30,A143,A152,2,A173,1,A191,A201,2
127,A11,12,A32,A43,A61,A73,4,A94,A101,2,A121,40,A143,A152,1,A172,1,A191,A201,3
128,A12,12,A32,A45,A61,A73,4,A93,A101,2,A123,30,A143,A152,1,A173,1,A191,A201,3
129,A12,12,A34,A41,A61,A71,4,A93,A101,2,A123,34,A143,A152,2,A174,1,A192,A201,2
130,A11,12,A34,A40,A61,A73,3,A92,A102,2,A121,29,A143,A152,2,A173,1,A191,A201,2
131,A12,48,A32,A40,A65,A74,1,A92,A101,2,A123,24,A143,A152,1,A173,1,A191,A201,1
132,A11,36,A33,A46,A61,A73,4,A93,A101,3,A122,29,A142,A152,1,A173,1,A192,A201,1
133,A14,15,A32,A42,A61,A72,2,A93,A101,3,A122,27,A141,A152,2,A172,1,A191,A201,2
134,A14,18,A32,A42,A61,A73,4,A93,A101,4,A124,47,A141,A153,2,A173,1,A191,A201,2
135,A14,60,A32,A43,A62,A74,2,A92,A101,4,A121,21,A143,A152,1,A173,1,A192,A201,1
136,A14,12,A34,A43,A65,A75,4,A92,A101,2,A121,38,A143,,2,A173,1,A192,A201,3
137,A14,27,A33,A41,A64,A73,2,A93,A101,2,A123,27,A143,A152,2,A173,1,A191,A201,1
138,A12,12,A32,A43,A63,A73,4,A93,A101,3,A121,66,A143,A152,1,A172,1,A191,A201,3
139,A12,15,A34,A43,A65,A74,4,A93,A103,2,A121,35,A141,A152,3,A173,1,A192,A201,2
140,A13,12,A32,A43,A61,A73,2,A92,A101,2,A123,44,A143,A151,1,A172,1,A192,A201,2
141,A13,6,A32,A40,A64,A72,2,A94,A101,2,A121,27,A143,A152,1,A171,1,A191,A202,3
142,A12,36,A32,A43,A61,A72,4,A92,A101,1,A124,30,A143,A152,1,A174,1,A192,A201,1
143,A11,27,A32,A43,A61,A73,3,A93,A101,2,A123,27,A143,A152,1,A174,1,A191,A201,2
144,A11,18,A32,A42,A61,A73,2,A93,A101,2,A123,22,A143,A152,1,A173,1,A191,A201,2
145,A14,21,A34,A42,A61,A72,4,A92,A101,4,A122,23,A143,A152,1,A173,1,A192,A201,2
146,A12,48,A31,A49,A62,A74,4,A93,A101,2,A123,30,A143,A152,1,A173,1,A191,A201,2
147,A11,6,A34,A40,A61,A75,1,A92,A101,4,A124,39,A143,A152,2,A173,1,A192,A201,3
148,A14,12,A34,A40,A62,A74,4,A92,A101,3,A123,51,A143,A152,2,A173,1,A192,A201,3
149,A11,36,A34,A42,A61,A73,3,A93,A103,2,A122,28,A143,A152,2,A173,1,A191,A201,1
150,A14,18,A34,A43,A64,A75,4,A93,A101,4,A123,46,A143,A152,2,A173,1,A191,A201,2
151,A14,6,A32,A43,A62,A75,2,A93,A101,4,A124,42,A141,A153,1,A173,2,A192,A201,3
152,A14,10,A32,A43,A61,A73,1,A93,A101,4,A122,38,A143,A152,1,A173,1,A192,A202,2
153,A13,36,A32,A43,A61,A73,4,A93,A101,1,A123,24,A143,A152,1,A173,1,A191,A201,1
154,A12,24,A34,A41,A64,A75,2,A92,A101,4,A124,29,A143,A151,1,A173,1,A191,A201,1
155,A12,24,A33,A49,A62,A74,4,A93,A101,4,A123,36,A143,A151,1,A174,1,A192,A201,1
156,A11,12,A32,A42,A61,A73,2,A92,A101,4,A123,20,A143,A151,1,A173,1,A191,A201,3
157,A11,9,A34,A45,A62,A75,3,A93,A103,4,A121,48,A143,A152,2,A173,2,A191,A202,3
158,A11,12,A31,A48,A61,A75,4,A94,,1,A123,45,A141,A152,1,A172,1,A191,A201,3
159,A12,24,A32,A40,A62,A74,2,A93,A101,3,A123,38,A141,A152,2,A173,1,A192,A201,2
160,A14,6,A34,A43,A65,A73,1,A93,A101,2,A121,34,A143,A152,2,A172,2,A191,A201,2
161,A14,24,A34,A43,A62,A75,3,A93,A101,4,A121,36,A143,A152,1,A173,2,A192,A201,2
162,A14,18,A34,A40,A61,A72,4,A92,A101,1,A122,30,A143,A152,2,A173,1,A191,A201,3
163,A14,15,A32,A44,A63,A74,4,A93,A101,3,A122,36,A143,A152,2,A173,1,A192,A201,3
164,A12,10,A32,A40,A61,A71,2,A93,A101,4,A124,70,A141,A153,1,A174,1,A192,A201,1
165,A14,36,A32,A40,A63,A75,4,A93,A101,4,A122,36,A143,A152,1,A173,1,A191,A201,3
166,A14,6,A32,A42,A63,A73,1,A93,A101,2,A123,32,A143,A152,1,A173,1,A192,A201,2
167,A11,18,A32,A42,A61,A71,4,A92,A101,2,A123,33,A143,A152,1,A173,1,A191,A201,3
168,A12,11,A32,A42,A64,A72,4,A92,A101,1,A121,20,A143,A152,1,A173,1,A191,A201,2
169,A14,24,A32,A42,A61,A74,2,A92,A101,4,A122,25,A143,A151,1,A173,1,A192,A201,2
170,A12,24,A34,A49,A61,A75,4,A91,A101,4,A121,31,A143,A152,2,A173,1,A192,A201,2
171,A11,15,A30,A40,A61,A75,4,A93,A101,3,A123,33,A143,A151,2,A173,2,A191,A201,3
172,A14,12,A32,A42,A61,A73,4,A92,A101,1,A121,26,A143,A152,1,A173,1,A192,A201,3
173,A12,24,A33,A42,A61,A71,3,A92,A101,2,A122,34,A143,A152,1,A174,1,A192,A201,2
174,A12,8,A32,A43,A61,A73,4,A93,A103,2,A121,33,A143,A152,1,A173,1,A191,A202,3
175,A11,21,A33,A46,A61,A72,2,A93,A101,1,A122,26,A143,A152,2,A173,1,A191,A201,2
176,A14,30,A31,A41,A65,A71,4,A92,A101,1,A121,53,A141,A152,1,A174,1,A192,A201,1
177,A11,12,A32,A42,A61,A73,2,A91,A101,1,A123,42,A143,A152,1,A173,1,A191,A201,2
178,A11,6,A34,A43,A63,A75,4,A93,A101,4,A123,52,A143,A152,2,A173,1,A191,A201,3
179,A14,12,A32,A43,A61,A74,4,A93,A101,2,A123,31,A143,A151,2,A174,2,A192,A201,2
180,A11,21,A34,A40,A61,A75,4,A93,A101,4,A121,65,A143,A152,2,A173,1,A191,A201,3
181,A14,36,A33,A49,A61,A72,1,A91,A101,1,A123,28,A143,A152,2,A173,1,A191,A201,1
182,A12,36,A33,A49,A61,A73,2,A91,A101,2,A121,30,A142,A152,2,A174,1,A192,A201,1
183,A11,21,A31,A40,A65,A73,4,A93,A101,2,A122,40,A143,A152,2,A172,2,A191,A201,2
184,A14,24,A34,A42,A64,A73,4,A93,A101,4,A121,50,A143,A152,1,A173,1,A192,A201,2
185,A12,18,A34,A40,A61,A75,4,A93,A101,4,A123,36,A141,A152,1,A173,2,A192,A201,3
186,A14,15,A34,A43,A61,A73,4,A93,A101,2,A122,31,A143,A152,2,A173,1,A191,A201,3
187,A12,9,A31,A41,A61,A75,2,A92,A101,4,A124,74,A141,A153,1,A174,2,A192,A201,1
188,A12,16,A34,A40,A61,A71,2,A93,A101,3,A123,68,A143,A153,3,A171,1,A192,A201,3
189,A11,12,A32,A43,A62,A74,4,A94,A101,1,A122,20,A143,A152,1,A173,1,A191,A201,3
190,A12,18,A30,A42,A61,A73,1,A92,A101,4,A123,33,A141,A152,2,A173,1,A192,A201,2
191,A14,24,A32,A49,A64,A73,2,A93,A101,3,A122,54,A143,A152,3,A174,1,A192,A201,1
192,A12,48,A30,A49,A62,A74,4,A93,A101,4,A124,34,A143,A153,1,A172,2,A191,A201,2
193,A12,27,A32,A49,A61,A73,4,A93,A101,2,A123,36,A143,A152,1,A173,2,A192,A201,2
194,A14,6,A32,A43,A61,A74,2,A94,A101,2,A121,29,A143,A151,1,A173,1,A191,A201,2
195,A12,45,A32,A43,A62,A73,4,A93,A103,4,A122,21,A143,A151,1,A173,1,A191,A201,2
196,A12,9,A34,A46,A61,A75,2,A92,A101,3,A123,34,A143,A152,2,A174,1,A192,A201,2
197,A14,6,A34,A43,A61,A73,1,A92,A101,1,A123,28,A143,A152,2,A173,1,A192,A201,3
198,A12,12,A32,A42,A62,A72,4,A92,A101,4,A123,27,A141,A151,4,A173,1,A191,A201,3
199,A12,24,A32,A41,A65,A75,4,A93,A101,4,A124,36,A141,A153,1,A173,1,A192,A201,2
200,A12,18,A33,A42,A61,A75,4,A91,A101,3,A124,40,A143,A152,1,A174,1,A192,A201,1
201,A14,9,A34,A46,A63,A75,4,A93,A101,2,A123,52,A143,A152,2,A173,1,A192,A201,3
202,A11,12,A32,A40,A61,A73,4,A94,A101,3,A121,27,A143,A152,1,A172,1,A191,A201,3
203,A14,27,A33,A49,A61,A74,3,A93,A101,4,A123,26,A143,A152,2,A173,1,A191,A201,1
204,A11,12,A32,A48,A61,A74,4,A94,A101,4,A122,21,A143,A151,1,A173,1,A191,A201,3
205,A14,12,A34,A40,A61,A75,4,A93,A101,1,A121,38,A143,A152,2,A172,2,A191,A201,3
206,A11,30,A34,A41,A61,A75,3,A93,A101,4,A124,38,A143,A153,3,A174,2,A192,A201,1
207,A14,12,A34,A42,A61,A75,4,A93,A101,4,A121,43,A143,A152,3,A173,1,A192,A201,2
208,A12,12,A34,A44,A61,A74,4,A93,A101,3,A122,26,A143,A152,1,A173,1,A191,A201,3
209,A11,24,A32,A49,A61,A73,2,A94,A101,2,A123,21,A142,A152,1,A172,1,A191,A201,1
210,A14,12,A32,A41,A64,A74,3,A93,A101,2,A122,55,A143,A152,1,A173,1,A191,A202,3
211,A14,9,A34,A43,A65,A73,1,A93,A101,2,A121,33,A143,A152,2,A173,2,A191,A201,2
212,A14,36,A32,A43,A65,A75,2,A92,A101,4,A121,45,A143,A152,1,A172,1,A192,A201,2
213,A11,27,A30,A49,A61,A71,2,A93,A101,4,A122,50,A142,A152,2,A173,1,A192,A201,1
214,A13,30,A33,A49,A61,A75,4,A93,A101,4,A121,66,A143,A152,1,A174,1,A192,A201,2
215,A14,36,A34,A43,A65,A75,4,A93,A101,2,A123,51,A143,,1,A173,1,A192,A201,2
216,A12,6,A34,A48,A65,A74,1,A92,A101,3,A122,39,A143,A152,2,A172,1,A191,A201,3
217,A11,18,A30,A49,A61,A74,3,A93,A101,1,A122,31,A141,A152,1,A173,1,A192,A201,2
218,A13,36,A32,A43,A61,A73,2,A93,A101,2,A121,23,A143,A152,1,A173,1,A192,A201,2
219,A11,24,A32,A42,A61,A73,2,A91,A101,2,A121,24,A143,A151,1,A172,1,A191,A201,2
220,A14,10,A32,A40,A61,A73,2,A92,A101,4,A123,64,A143,A152,1,A173,1,A192,A201,3
221,A12,12,A32,A43,A61,A72,4,A94,A103,1,A121,26,A141,A152,1,A172,1,A191,A201,3
222,A11,12,A32,A46,A65,A73,4,A92,A101,4,A122,23,A141,A151,1,A173,1,A192,A201,3
223,A14,12,A32,A43,A61,A73,,A93,A101,2,A121,30,A141,A152,2,A173,1,A191,A201,3
224,A14,24,A33,A49,A65,A73,4,A93,A101,4,A121,32,A143,A152,2,A173,2,A192,A201,2
225,A14,15,A32,A41,A61,A73,3,A93,A101,2,A123,30,A143,A152,1,A173,1,A192,A201,1
226,A14,36,A30,A45,A61,A73,4,A93,A101,2,A123,27,A143,A152,2,A173,1,A191,A201,2
227,A12,48,A32,A43,A64,A74,1,A93,A102,2,A124,27,A141,A152,2,A173,1,A192,A201,1
228,A11,12,A32,A42,A61,A75,4,A93,A101,4,A124,53,A143,A153,1,A174,1,A192,A201,1
229,A14,9,A32,A43,A61,A74,4,A93,A101,2,A123,22,A143,A152,1,A173,1,A191,A201,3
230,A11,24,A32,A42,A61,A72,4,A93,A101,1,A124,22,A141,A153,1,A173,1,A191,A201,2
231,A13,36,A32,A43,A61,A73,4,A93,A101,2,A123,26,A143,A152,1,A173,1,A191,A201,1
232,A14,9,A32,A40,A63,A75,2,A93,A101,4,A124,51,A143,A153,1,A172,1,A191,A201,2
233,A14,12,A32,A43,A62,A74,3,A93,A101,1,A124,35,A143,A152,1,A173,1,A191,A201,2
234,A12,18,A32,A43,A61,A73,4,A94,A103,2,A121,25,A143,A152,1,A172,1,A191,A201,3
235,A14,4,A34,A43,A61,A74,2,A93,A101,1,A121,42,A143,A152,3,A172,2,A191,A201,2
236,A11,24,A32,A43,A61,A71,4,A93,A101,2,A123,30,A142,A152,1,A174,2,A191,A201,2
237,A12,6,A32,A40,A65,A71,1,A93,A101,2,A122,23,A143,A152,1,A171,1,A192,A201,1
238,A12,21,A32,A49,A62,A75,4,A91,A101,2,A123,61,A141,A151,2,A172,1,A191,A201,2
239,A14,12,A34,A43,A61,A73,4,A92,A101,2,A122,35,A143,A152,2,A173,1,A191,A201,3
240,A11,30,A32,A43,A61,A75,1,A93,A103,3,A122,39,A143,A152,1,A173,2,A191,A201,2
241,A11,24,A32,A40,A65,A75,4,A92,A101,2,A123,29,A141,A152,1,A173,1,A191,A201,3
242,A14,6,A32,A43,A61,A74,3,A93,A101,2,A122,51,A143,A152,1,A173,2,A191,A201,2
243,A11,48,A30,A41,A61,A75,3,A93,A101,4,A124,24,A143,A153,2,A173,2,A191,A201,1
244,A14,12,A34,A49,A61,A73,3,A92,A101,2,A121,27,A143,A152,2,A173,1,A191,A201,3
245,A14,12,A31,A48,A63,A73,4,A92,A101,3,A121,,A143,A152,1,A172,2,A191,A201,2
246,A14,24,A32,A49,A61,A74,4,A93,A101,1,A121,25,A143,A152,1,A173,1,A192,A201,3
247,A14,12,A34,A43,A61,A75,4,A93,A101,4,A121,52,A143,A152,3,A173,1,A191,A201,3
248,A14,6,A30,A40,A62,,4,A93,A101,1,A124,35,A141,A151,1,A173,1,A191,A202,3
249,A13,24,A32,A42,A61,A73,2,A93,A101,2,A121,26,A143,A152,1,A173,1,A191,A201,2
250,A14,18,A32,A43,A61,A71,3,A92,A102,4,A121,22,A143,A151,1,A173,1,A191,A201,3
251,A11,6,A34,A40,A64,A74,3,A92,A101,4,A121,39,A143,A152,2,A172,1,A192,A201,3
252,A13,12,A32,A42,A61,A73,1,A92,A101,2,A123,46,A143,A152,1,A172,1,A191,A201,2
253,A12,30,A32,A40,A61,A73,4,A92,A103,2,A124,24,A141,A152,1,A173,1,A191,A201,2
254,A14,24,A33,A42,A62,A73,2,A93,A101,3,A122,35,A143,A152,2,A173,1,A191,A201,1
255,A12,9,A32,A42,A65,A74,2,A93,A101,1,A123,24,A143,A152,1,A173,1,A192,A201,2
256,A12,60,A33,A43,A65,A73,1,A93,A101,1,A121,27,A143,A152,1,A172,1,A191,A201,1
257,A14,24,A34,A43,A61,A73,4,A93,,2,A121,35,A143,A152,2,A172,1,A191,A201,2
258,A11,12,A31,A43,A61,A73,4,A91,A101,1,A124,29,A143,A153,1,A173,1,A191,A201,2
259,A14,15,A32,A41,A62,A72,1,A92,A101,4,A123,23,A143,A152,1,A173,1,A192,A201,2
260,A14,11,A34,A43,A62,A71,4,A92,A101,4,A121,57,A143,A152,3,A172,1,A191,A201,3
261,A11,12,A32,A42,A61,A73,2,A93,A101,2,A121,27,A143,A152,1,A173,1,A191,A201,2
262,A11,24,A32,A43,A61,A75,4,A92,A101,4,A123,55,A143,A152,1,A173,1,A191,A201,2
263,A11,18,A34,A40,A61,A75,2,A93,A101,4,A124,36,A143,A153,3,A174,1,A192,A201,1
264,A14,12,A34,A46,A61,A75,2,A92,A101,4,A124,57,A141,A153,3,A172,1,A191,A201,2
265,A14,10,A34,A40,A61,A75,3,A93,A101,4,A121,32,A143,A152,2,A172,2,A191,A202,3
266,A12,15,A32,A43,A61,A75,4,A93,A101,3,A123,37,A143,A152,1,A173,2,A191,A201,3
267,A14,36,A34,A49,A65,A75,4,A93,A101,4,A121,36,A143,A152,2,A173,1,A191,A201,1
268,A14,24,A32,A43,A61,A72,4,A92,A101,3,A123,38,A142,A152,1,A173,1,A192,A201,2
269,A11,14,A32,A40,A61,A75,1,A91,A101,4,A122,45,A143,A152,1,A174,1,A192,A202,1
270,A14,24,A32,A43,A65,A75,4,A93,A101,2,A123,25,A143,A152,2,A173,1,A191,A201,3
271,A14,18,A32,A40,A65,A74,4,A93,A101,3,A122,32,A143,A152,1,A173,1,A191,A202,2
272,A14,12,A34,A42,A63,A74,3,A92,A101,4,A123,37,A143,A151,1,A173,1,A192,A201,3
273,A12,48,A31,A40,A65,A71,4,A93,A102,4,A124,36,A143,A153,1,A174,1,A192,A201,1
274,A12,48,A32,A43,A61,A74,4,A93,A101,4,A121,28,A143,A152,2,A173,1,A191,A201,2
275,A11,30,A32,A45,A61,A72,1,A91,A101,1,A124,34,A143,A152,1,A172,1,A192,A201,1
276,A14,9,A32,A43,A61,A73,1,A93,A101,2,A121,32,A143,A152,1,A173,2,A191,A201,2
277,A14,18,A34,A43,A61,A73,2,A92,A101,2,A123,26,A143,A152,2,A173,1,A191,A201,2
278,A11,12,A32,A42,A65,A75,2,A91,A101,4,A122,49,A143,A152,1,A172,1,A192,A201,3
279,A14,6,A32,A42,A61,A72,1,A92,A101,4,A122,32,A143,A152,1,A173,1,A191,A201,1
280,A14,24,A32,A43,A62,A73,4,A93,A101,4,A123,29,A143,A151,1,A174,1,A192,A201,2
281,A14,15,A34,A41,A64,A75,3,A93,A101,4,A124,23,A143,A151,2,A173,1,A192,A201,2
282,A14,12,A32,A42,A61,A73,4,A93,A101,2,A121,50,A143,A152,1,A173,1,A191,A201,2
283,A13,18,A31,A43,A65,A74,4,A93,A101,4,A123,49,A141,A152,1,A172,1,A191,A201,3
284,A14,15,A34,A42,A65,A75,4,A93,A101,4,A122,63,A143,A152,1,A173,1,A191,A201,2
285,A12,24,A34,A40,A62,A72,4,A91,A101,2,A123,37,A143,A152,1,A173,1,A192,A201,2
286,A11,47,A32,A40,A61,A72,1,A92,A101,1,A121,35,A143,A152,1,A172,1,A192,A201,1
287,A11,48,A32,A41,A61,A74,4,A93,A101,3,A122,26,A143,A152,1,A173,2,A191,A201,1
288,A12,48,A33,A410,A62,A71,2,A93,A101,4,A124,31,A143,A153,1,A174,1,A192,A201,1
289,A12,12,A32,A43,A61,A73,4,A92,A103,4,A121,49,A143,A152,2,A173,1,A192,A201,3
290,A11,24,A33,A43,A61,A72,4,A94,A101,4,A121,48,A142,A152,1,A173,1,A191,A201,3
291,A14,12,A32,A49,A61,A73,2,A94,A101,2,A121,26,A143,A152,1,A173,1,A192,A202,3
292,A12,36,A32,A41,A61,A72,1,A94,A101,4,A123,28,A143,A151,1,A174,1,A192,A201,1
293,A11,24,A34,A41,A61,A75,2,A92,A101,4,A124,44,A143,A153,2,A174,2,A192,A201,1
294,A13,42,A34,A41,A61,A75,4,A93,A101,4,A124,56,A143,A153,1,A173,1,A191,A201,1
295,A14,48,A34,A49,A65,A75,4,A91,A101,2,A123,46,A141,A152,2,A174,2,A191,A201,1
296,A12,48,A32,A42,A61,A72,1,A92,A101,2,A123,26,A143,A152,1,A173,1,A192,A201,1
297,A14,12,A32,A41,A65,A72,1,A92,A101,4,A123,20,A143,A151,1,A173,1,A191,A201,1
298,A14,10,A32,A40,A65,A75,4,A93,A102,2,A122,45,A143,A152,1,A172,1,A191,A202,3
299,A14,18,A32,A42,A61,A73,3,A93,A101,4,A121,43,A143,A152,1,A173,1,A192,A201,2
300,A12,21,A34,A42,A64,A74,3,A93,A101,2,A123,32,A143,A152,2,A173,1,A192,A201,2
301,A14,6,A32,A40,A61,A71,1,A92,A101,4,A121,54,A143,A152,1,A171,1,A192,A201,3
302,A12,36,A30,A43,A61,A73,4,A92,A101,1,A123,42,A143,A152,1,A173,1,A192,A201,2
303,A13,24,A34,A40,A65,A74,4,A93,A101,2,A121,37,A141,A152,2,A172,2,A191,A201,3
304,A11,10,A34,A40,A61,A74,4,A93,A102,3,A122,49,A143,A152,2,A173,1,A192,A201,3
305,A14,48,A34,A40,A63,A73,2,A93,A101,2,A124,44,A141,A153,1,A173,1,A191,A201,1
306,A14,6,A32,A42,A64,A73,,A91,A101,2,A121,33,A143,A152,1,A173,1,A191,A201,2
307,A14,30,A32,A41,A65,A74,2,A92,A101,4,A122,24,A142,A151,1,A172,1,A191,A201,1
308,A11,12,A32,A43,A62,A72,4,A94,A101,3,A124,33,A143,A152,1,A172,1,A192,A201,3
309,A12,8,A32,A42,A61,A73,3,A92,A101,4,A121,24,A143,A152,1,A173,1,A191,A201,3
310,A12,9,A32,A40,A61,A73,4,A94,A101,4,A121,22,A143,A151,1,A172,1,A191,A201,3
311,A12,48,A32,A410,A65,A71,3,A93,A101,4,A124,40,A141,A153,1,A171,1,A192,A201,1
312,A14,24,A32,A42,A62,A73,4,A93,A101,1,A123,25,A142,A152,1,A173,1,A191,A201,1
313,A13,24,A32,A42,A61,A72,2,A92,A101,4,A123,26,A143,A152,1,A173,1,A191,A201,2
314,A12,12,A32,A40,A61,A74,2,A94,A101,3,A123,25,A141,A152,1,A172,1,A191,A201,3
315,A13,4,A32,A40,A65,A72,1,A93,A101,2,A121,29,A143,A152,1,A172,2,A191,A202,3
316,A11,36,A31,A42,A61,A75,4,A93,A101,4,A123,31,A141,A152,1,A173,1,A191,A201,2
317,A11,12,A32,A42,A61,A73,2,A93,A103,3,A122,38,A143,A152,1,A172,2,A191,A201,3
318,A12,24,A32,A42,A65,A73,1,A92,A101,4,A122,48,A143,A152,1,A172,1,A192,A201,1
319,A14,12,A34,A46,A61,A73,4,A93,A101,2,A123,32,A143,A152,2,A173,1,A191,A201,3
320,A11,15,A33,A42,A61,A75,1,A92,A101,4,A122,27,A143,A152,2,A172,1,A191,A201,2
321,A12,30,A34,A40,A61,A71,4,A94,A101,2,A123,28,A143,A152,2,A174,1,A191,A201,1
322,A11,24,A32,A43,A61,A72,4,A91,,3,A122,32,A143,A152,1,A173,1,A191,A201,2
323,A11,24,A32,A41,A61,A74,2,A93,A101,1,A124,34,A143,A153,1,A174,1,A192,A201,2
324,A11,18,A32,A42,A64,A73,4,A93,A101,2,A123,28,A143,A152,1,A173,1,A191,A201,2
325,A14,18,A34,A40,A61,A73,4,A92,A101,3,A121,36,A143,A152,2,A173,1,A191,A201,3
326,A11,8,A34,A40,A61,A74,1,A93,A101,4,A121,39,A143,A152,2,A172,1,A191,A202,2
327,A14,12,A34,A42,A65,A75,2,A93,A101,4,A122,49,A143,A151,1,A173,1,A192,A201,1
328,A14,24,A32,A40,A64,A74,4,A92,A101,3,A123,34,A143,A152,1,A173,2,A192,A201,2
329,A13,36,A32,A43,A61,A75,4,A93,A101,2,A123,31,A143,A152,1,A173,1,A191,A201,1
330,A12,6,A32,A43,A61,A75,4,A93,A101,4,A123,28,A143,A152,1,A173,2,A191,A201,3
331,A11,24,A34,A41,A61,A71,2,A93,A101,4,A124,75,A143,A153,2,A174,1,A192,A201,1
332,A14,18,A34,A46,A62,A73,4,A92,A101,2,A121,30,A143,A152,2,A173,1,A191,A201,2
333,A12,60,A32,A40,A62,A72,4,A92,A101,2,A122,24,A143,A152,1,A174,1,A191,A201,1
334,A14,48,A34,A41,A62,A73,2,A92,A101,4,A123,24,A141,A151,2,A172,1,A191,A201,1
335,A11,24,A30,A42,A61,A75,3,A93,A101,4,A124,23,A141,A151,2,A173,2,A191,A201,1
336,A11,6,A34,A42,A61,A73,1,A91,A101,4,A121,44,A143,A151,1,A174,1,A192,A201,2
337,A12,13,A32,A43,A61,A72,2,A92,A103,4,A122,23,A143,A152,1,A172,1,A191,A201,2
338,A11,15,A32,A44,A65,,4,A92,A101,2,A123,24,A143,A151,1,A173,1,A191,A201,3
339,A11,24,A32,A42,A61,A73,4,A93,A101,4,A122,28,A143,A152,1,A173,1,A191,A201,1
340,A12,10,A32,A42,A61,A73,4,A91,A101,2,A123,31,A143,A152,1,A172,1,A191,A201,2
341,A12,24,A34,A46,A61,A72,2,A92,A101,4,A124,24,A143,A153,2,A173,1,A192,A201,1
342,A11,21,A32,A42,A61,A74,1,A92,A101,4,A123,26,A143,A151,1,A172,1,A191,A201,2
343,A12,18,A32,A43,A63,A72,1,A94,A101,3,A121,25,A143,A151,1,A173,1,A191,A201,2
344,A12,18,A32,A49,A61,A75,1,A93,A102,1,A121,33,A141,A152,1,A174,1,A192,A201,1
345,A13,10,A32,A40,A61,A72,1,A93,A103,1,A122,37,A143,A152,1,A172,2,A191,A201,2
346,A14,15,A34,A43,A61,A73,4,A92,A101,2,A123,43,A143,A152,1,A172,1,A191,A201,3
347,A12,13,A34,A43,A61,A72,4,A93,A103,4,A121,23,A143,A152,2,A173,1,A191,A201,3
348,A12,24,A32,A43,A63,A71,1,A92,A101,4,A124,23,A143,A151,1,A171,1,A191,A201,2
349,A14,6,A33,A49,A62,A73,1,A93,A101,2,A121,34,A143,A152,2,A172,1,A191,A201,2
350,A12,9,A34,A46,A64,A75,4,A93,A101,3,A124,32,A143,A153,2,A173,2,A191,A201,3
351,A14,9,A32,A44,A61,A72,1,A92,A101,4,A121,23,A143,A151,1,A173,1,A192,A201,3
352,A12,9,A32,A42,A61,A73,1,A92,A101,2,A123,29,A143,A152,1,A173,1,A191,A202,3
353,A14,18,A34,A41,A65,A71,2,A93,A101,4,A124,38,A143,A152,1,A174,1,A192,A201,2
354,A11,12,A30,A43,A61,A73,,A93,A101,2,A122,28,A143,A151,2,A173,1,A192,A201,1
355,A14,10,A32,A46,A63,A75,4,A93,A101,4,A124,46,A143,A153,1,A173,1,A192,A201,3
356,A12,24,A32,A40,A61,A72,4,A93,A101,2,A121,23,A142,A152,1,A172,1,A191,A201,3
357,A14,12,A34,A43,A65,A75,1,A93,A102,4,A121,49,A143,A152,1,A173,1,A192,A201,2
358,A14,36,A33,A43,A61,A73,4,A93,A101,2,A123,26,A143,A152,2,A174,1,A192,A201,1
359,A14,12,A32,A43,A61,A73,4,A94,A101,2,A121,28,A143,,1,A173,1,A191,A201,3
360,A11,30,A32,A42,A61,A74,4,A92,A101,4,A121,23,A143,A151,1,A173,1,A191,A201,2
361,A12,18,A32,A46,A65,A73,4,A93,A101,4,A124,61,A143,A153,1,A173,1,A191,A201,3
362,A13,12,A32,A43,A65,A75,2,A93,A101,3,A123,37,A143,A152,1,A174,1,A191,A201,2
363,A13,12,A33,A40,A61,A73,2,A92,A101,2,A123,36,A142,A152,2,A173,1,A192,A201,2
364,A14,6,A32,A42,A61,A73,1,A94,A101,2,A122,21,A143,A151,1,A173,1,A191,A201,2
365,A11,18,A32,A42,A61,A71,4,A93,A101,1,A123,25,A143,A152,1,A171,1,A191,A201,2
366,A14,12,A32,A49,A61,A74,2,A93,A101,4,A123,36,A143,A152,1,A173,1,A192,A201,2
367,A14,18,A34,A41,A61,A74,3,A93,A101,1,A123,27,A143,A152,2,A173,1,A191,A201,2
368,A11,18,A32,A42,A61,A72,1,A92,A101,4,A123,22,A143,A151,1,A173,1,A191,A201,2
369,A11,36,A32,A42,A61,A75,4,A93,A101,2,A123,42,A143,A152,1,A173,2,A191,A201,2
370,A12,18,A32,A42,A61,A74,2,A92,A101,4,A121,40,A143,A151,1,A173,1,A191,A201,2
371,A14,36,A32,A40,A65,A73,4,A93,A101,4,A121,36,A143,A152,1,A173,1,A191,A201,2
372,A14,18,A34,A43,A61,A75,3,A93,A101,4,A123,33,A143,A152,2,A173,1,A192,A201,1
373,A14,10,A34,A42,A61,A72,1,A92,A101,3,A121,23,A143,A151,2,A173,1,A191,A201,2
374,A14,60,A34,A40,A65,A75,2,A93,A101,4,A124,63,A141,A153,1,A174,1,A192,A201,1
375,A12,60,A31,A410,A62,A75,3,A92,A101,4,A124,60,A141,A153,2,A174,1,A192,A201,1
376,A11,48,A31,A49,A61,A74,2,A92,A103,4,A123,37,A143,A151,1,A173,1,A191,A201,1
377,A14,18,A33,A43,A61,A71,2,A94,A101,3,A121,34,A143,A152,2,A173,1,A191,A201,2
378,A14,7,A33,A43,A65,A75,3,A93,A101,4,A124,36,A143,A153,1,A173,1,A191,A201,3
379,A12,36,A32,A40,A61,A75,4,A93,A101,2,A124,57,A143,A153,1,A174,1,A192,A201,1
380,A14,6,A34,A40,A62,A73,4,A92,A101,4,A123,52,A143,A152,2,A172,1,A191,A201,3
381,A11,20,A32,A42,A65,A74,4,A93,A101,4,A123,39,A143,A152,1,A173,1,A192,A201,2
382,A12,18,A32,A41,A61,A71,3,A92,A101,4,A124,38,A143,A153,1,A174,1,A192,A201,1
383,A14,22,A32,A40,A65,A74,4,A92,A101,4,A122,25,A143,A151,1,A173,1,A191,A201,3
384,A13,12,A32,A40,A61,A72,4,A93,A101,1,A121,26,A143,A152,1,A173,1,A191,A201,3
385,A14,30,A33,A49,A62,A73,2,A93,A101,2,A122,26,A143,A152,2,A172,1,A191,A201,1
386,A14,18,A34,A43,A61,A73,2,A92,A101,1,A123,25,A143,A152,2,A173,1,A191,A201,2
387,A14,18,A32,A43,A65,A72,4,A92,A101,2,A121,21,A143,A151,1,A173,1,A192,A201,3
388,A12,18,A34,A42,A61,A71,4,A93,A101,4,A122,40,A142,A152,2,A174,1,A192,A201,1
389,A12,15,A34,A49,A63,A73,2,A93,A101,4,A123,27,A141,A152,1,A173,1,A191,A201,2
390,A14,9,A32,A49,A61,A74,3,A92,A101,2,A123,27,A143,A152,2,A173,1,A191,A201,3
391,A14,18,A32,A40,A61,A73,2,A94,A101,2,A122,30,A143,A152,1,A174,1,A192,A201,2
392,A12,12,A32,A42,A64,A72,1,A92,A101,4,A121,19,A143,A151,1,A172,1,A191,A201,3
393,A11,36,A32,A40,A61,A74,2,A93,A101,4,A124,39,A141,A153,1,A174,2,A192,A201,2
394,A11,6,A34,A43,A61,A74,1,A92,A101,4,A123,31,A143,A152,1,A173,1,A191,A201,2
395,A14,9,A34,A42,A61,A71,2,A93,A101,3,A123,31,A143,A152,1,A174,1,A191,A201,2
396,A12,39,A33,A46,A62,A74,2,A93,A101,3,A124,32,A143,A151,1,A173,1,A192,A201,1
397,A11,12,A32,A42,A61,A71,3,A92,A101,4,A124,55,A143,A153,1,A174,1,A191,A201,2
398,A11,36,A34,A42,A61,A73,3,A94,A101,2,A122,46,A143,A152,2,A173,1,A192,A201,2
399,A12,12,A32,A40,A61,A75,1,A91,A101,1,A121,46,A143,A151,2,A173,1,A191,A201,3
400,A14,24,A34,A43,A64,A73,4,A92,A101,1,A121,43,A143,A152,2,A172,1,A191,A201,2
401,A14,18,A32,A43,A61,A72,3,A94,A101,4,A121,39,A143,A152,1,A173,1,A192,A201,3
402,A12,18,A34,A49,A65,A73,4,A94,A101,4,A121,28,A141,A152,2,A173,1,A191,A201,2
403,A14,24,A33,A49,A61,A72,2,A93,A101,2,A123,27,A141,A152,2,A173,1,A192,A201,1
404,A14,14,A33,A40,A61,A73,4,A93,A101,2,A123,27,A143,A152,2,A172,1,A191,A201,3
405,A12,18,A33,A40,A65,A75,4,A93,A101,4,A123,43,A143,A152,1,A173,2,A191,A201,2
406,A12,24,A32,A43,A61,A72,1,A94,A101,1,A122,22,A143,A152,1,A173,1,A192,A201,2
407,A14,24,A34,A41,A65,A74,4,A93,A101,4,A123,43,A143,A152,2,A173,2,A192,A201,2
408,A11,15,A32,A43,A61,A72,4,A94,A101,2,A121,27,A143,A152,1,A173,1,A191,A202,3
409,A14,24,A32,A43,A63,A75,3,A91,A101,2,A123,26,A143,A152,1,A174,1,A192,A201,2
410,A13,12,A34,A40,A63,A74,,A94,A101,2,A121,28,A143,A152,3,A173,1,A192,A201,3
411,A12,24,A32,A43,A61,A75,4,A92,A101,4,A123,20,A143,A152,1,A173,1,A192,A201,2
412,A14,33,A34,A41,A61,A74,3,A93,A101,2,A123,35,A143,A152,2,A174,1,A192,A201,1
413,A14,12,A34,A49,A61,A71,4,A93,A101,2,A123,42,A142,A152,2,A174,1,A192,A201,2
414,A14,10,A32,A40,A63,A73,3,A93,A101,2,A124,40,A143,A151,1,A172,2,A191,A202,2
415,A11,24,A32,A40,A65,A73,4,A92,A101,2,A122,35,A143,A152,1,A173,1,A191,A201,3
416,A14,36,A34,A41,A61,A75,2,A93,A101,2,A122,35,A143,A152,2,A173,2,A192,A201,1
417,A11,12,A32,A40,A61,A72,4,A93,A101,1,A121,33,A143,A152,1,A172,2,A191,A201,2
418,A11,18,A33,A46,A65,A73,1,A92,A101,2,A123,23,A143,A151,2,A173,1,A192,A201,1
419,A14,21,A32,A40,A63,A74,1,A92,A101,2,A123,31,A141,A152,1,A174,1,A191,A201,2
420,A12,18,A32,A40,A65,A73,4,A92,A101,2,A122,33,A143,A152,1,A173,1,A191,A201,3
421,A14,15,A32,A40,A64,A74,2,A92,A101,3,A123,20,A143,A151,1,A173,1,A191,A201,2
422,A12,12,A32,A41,A65,,4,A93,A101,2,A123,30,A143,A152,1,A173,1,A191,A201,2
423,A12,12,A34,A40,A61,A74,2,A93,A101,3,A121,47,A143,A152,2,A172,2,A191,A201,3
424,A14,21,A33,A42,A62,A74,4,A93,A101,3,A121,34,A143,A152,2,A174,1,A191,A201,2
425,A12,12,A32,A42,A65,A75,1,A92,A101,2,A122,25,A141,A152,1,A173,1,A192,A201,2
426,A12,18,A32,A41,A61,A73,1,A94,A101,3,A123,21,A143,A151,1,A173,1,A192,A201,2
427,A14,28,A34,A43,A61,A75,4,A93,A101,2,A123,29,A143,A152,2,A173,1,A191,A201,2
428,A14,18,A34,A43,A64,A73,4,A93,A101,3,A121,46,A143,A152,2,A173,1,A191,A201,3
429,A14,9,A32,A42,A61,A75,1,A93,A101,4,A123,20,A143,A152,1,A173,1,A191,A201,3
430,A11,18,A34,A45,A61,A71,2,A92,A101,4,A124,55,A143,A153,3,A171,2,A191,A201,3
431,A14,5,A32,A49,A61,A74,1,A93,A101,4,A121,74,A143,A152,1,A172,1,A191,A201,2
432,A12,24,A32,A410,A61,A73,2,A93,A102,3,A123,29,A141,A152,2,A174,1,A192,A201,1
433,A11,6,A34,A42,A61,A71,4,A93,A101,4,A124,36,A143,A153,3,A174,1,A192,A201,2
434,A14,24,A34,A45,A61,A73,4,A91,A101,2,A121,33,A143,A152,2,A173,1,A192,A201,2
435,A11,9,A32,A42,A61,A73,3,A93,A101,2,A121,25,A143,A152,1,A173,1,A191,A201,2
436,A12,12,A32,A43,A65,A73,2,A94,A101,1,A121,25,A143,A152,1,A173,1,A192,A201,3
437,A14,6,A32,A45,A63,A74,2,A94,A101,4,A121,23,A143,A151,1,A172,1,A191,A201,3
438,A14,24,A34,A40,A64,A75,4,A92,A101,4,A121,37,A143,A152,2,A173,1,A192,A201,3
439,A11,42,A34,A45,A61,A71,4,A93,A102,4,A123,65,A143,A152,2,A171,1,A191,A201,2
440,A13,12,A31,A49,A61,A72,4,A92,A101,1,A121,26,A143,A152,1,A171,1,A191,A201,3
441,A14,12,A32,A40,A61,A75,4,A93,A101,4,A123,39,A143,A152,1,A174,1,A192,A201,2
442,A11,12,A32,A42,A61,A73,2,A92,A102,3,A122,30,A143,A152,1,A173,1,A191,A201,2
443,A12,20,A33,A410,A61,A73,2,A93,A101,3,A123,29,A141,A152,2,A173,1,A192,A201,2
444,A14,12,A32,A46,A61,A75,4,A93,,4,A123,41,A141,A152,1,A172,2,A191,A201,3
445,A12,48,A34,A42,A61,A73,2,A92,A101,3,A123,30,A143,A152,1,A174,1,A192,A201,1
446,A14,9,A34,A46,A65,A75,4,A92,A101,4,A122,41,A143,A151,2,A172,1,A191,A201,3
447,A11,36,A32,A40,A61,A72,4,A92,A101,4,A123,34,A143,A152,1,A173,1,A192,A201,2
448,A12,7,A32,A43,A61,A73,2,A93,A103,2,A121,35,A143,A152,1,A173,1,A191,A201,2
449,A13,12,A32,A42,A65,A75,3,A92,A101,4,A121,55,A143,A152,1,A174,1,A192,A201,3
450,A12,15,A33,A45,A64,A73,3,A94,A101,3,A122,61,A142,A152,2,A173,1,A191,A201,2
451,A14,36,A34,A41,A65,A73,4,A93,A101,2,A123,30,A143,A152,1,A174,1,A192,A201,1
452,A14,6,A32,A43,A61,A73,3,A92,A101,1,A121,29,A143,A152,1,A173,1,A191,A201,3
453,A14,12,A30,A42,A61,A75,2,A93,A101,4,A122,34,A143,A152,2,A173,1,A191,A201,2
454,A14,24,A32,A41,A61,A75,4,A93,A101,4,A123,35,A143,A152,1,A174,1,A192,A201,2
455,A11,24,A32,A40,A61,A74,2,A93,A102,3,A122,31,A143,A152,1,A173,1,A192,A201,1
456,A14,24,A32,A41,A61,A72,4,A92,A101,1,A124,29,A143,A152,1,A174,1,A192,A201,2
457,A11,11,A34,A40,A61,A73,2,A93,A101,2,A121,36,A143,A151,2,A173,2,A191,A201,2
458,A11,12,A32,A41,A61,A75,3,A93,A101,4,A124,,A143,A153,1,A173,1,A192,A201,2
459,A11,6,A32,A44,A61,A72,4,A92,A101,1,A121,27,A143,A152,1,A173,1,A191,A201,3
460,A14,18,A32,A43,A61,A72,3,A93,A101,2,A123,32,A143,A152,1,A173,1,A192,A201,1
461,A11,36,A32,A42,A61,A73,1,A93,A103,2,A122,37,A143,A152,1,A173,2,A191,A201,2
462,A11,15,A32,A40,A61,A72,2,A93,A101,3,A121,36,A143,A152,1,A173,1,A191,A201,2
463,A12,12,A32,A42,A61,A72,3,A92,A101,1,A121,34,A143,A151,1,A174,1,A191,A201,2
464,A12,12,A32,A48,A65,A75,4,A93,A101,4,A122,38,A143,A152,2,A173,1,A191,A201,3
465,A14,18,A32,A49,A61,A74,4,A93,A101,1,A123,34,A142,A152,2,A173,1,A192,A201,2
466,A11,24,A32,A41,A61,A73,3,A93,A103,4,A124,63,A141,A152,1,A173,2,A192,A201,2
467,A11,24,A33,A43,A61,A72,4,A92,A101,2,A123,29,A143,A151,1,A172,1,A192,A201,2
468,A14,48,A33,A43,A65,A75,3,A93,A101,3,A123,32,A141,A152,2,A173,2,A191,A201,1
469,A14,33,A33,A49,A61,A73,2,A92,A101,2,A123,26,A143,A152,2,A173,1,A192,A201,2
470,A14,24,A33,A41,A61,A74,3,A93,A101,3,A123,35,A143,A152,2,A172,1,A192,A201,1
471,A12,24,A32,A43,A62,A72,3,A94,A101,2,A123,22,A143,A151,1,A173,1,A192,A201,2
472,A11,6,A32,A46,A61,A72,4,A92,A101,4,A122,23,A143,A152,1,A173,1,A191,A201,3
473,A11,9,A32,A40,A61,A73,4,A93,A101,3,A123,28,A143,,1,A172,1,A191,A201,3
474,A14,6,A32,A48,A65,A71,4,A93,A101,4,A122,36,A143,A152,1,A174,2,A192,A201,3
475,A12,18,A34,A43,A61,A73,4,A94,A101,2,A123,33,A143,A152,1,A173,1,A191,A201,3
476,A11,18,A30,A42,A61,A72,1,A92,A101,4,A122,26,A143,A151,1,A173,1,A191,A201,2
477,A14,39,A32,A41,A63,A73,,A93,A101,4,A123,24,A143,A152,1,A173,1,A191,A201,2
478,A13,24,A32,A43,A61,A74,4,A93,A101,2,A123,25,A141,A152,1,A173,1,A191,A201,1
479,A12,12,A32,A49,A62,A74,3,A93,A101,4,A121,39,A143,A152,1,A172,1,A191,A201,3
480,A11,15,A34,A42,A61,A75,4,A93,A101,4,A123,44,A143,A152,2,A173,2,A192,A201,3
481,A12,12,A34,A43,A61,A73,1,A92,A101,1,A121,23,A143,A152,1,A172,1,A191,A201,2
482,A12,24,A32,A40,A61,A72,4,A93,A101,1,A122,26,A143,A152,1,A173,1,A191,A201,3
483,A11,30,A32,A42,A64,A75,4,A92,A101,4,A122,57,A143,A151,2,A173,1,A192,A201,2
484,A14,15,A33,A42,A64,A74,3,A92,A101,2,A122,30,A143,A152,2,A173,1,A191,A201,3
485,A14,12,A34,A40,A63,A73,4,A93,A101,4,A121,44,A143,A152,1,A173,1,A192,A201,3
486,A12,6,A33,A40,A61,A71,4,A93,A101,4,A122,47,A143,A152,1,A174,1,A192,A201,3
487,A14,12,A32,A43,A61,A73,2,A93,A101,4,A123,52,A143,A152,1,A173,1,A192,A201,2
488,A14,24,A32,A40,A61,A75,4,A92,A102,4,A124,62,A143,A153,1,A173,1,A192,A201,2
489,A14,10,A32,A40,A62,A73,3,A93,A101,2,A121,35,A143,A151,1,A172,1,A191,A202,3
490,A14,6,A32,A40,A61,A73,2,A93,A103,3,A122,26,A143,A151,1,A173,1,A191,A201,2
491,A14,12,A34,A43,A61,A75,2,A93,A101,2,A124,26,A143,A152,2,A173,1,A191,A201,2
492,A12,27,A30,A49,A61,A75,2,A92,A101,4,A124,42,A143,A153,2,A174,1,A192,A201,1
493,A14,6,A34,A43,A62,A73,1,A92,A101,1,A122,27,A143,A152,2,A173,1,A191,A201,3
494,A12,6,A32,A43,A65,A75,4,A93,A101,4,A122,38,A143,A152,1,A173,1,A191,A201,3
495,A11,12,A34,A40,A61,A73,3,A93,A101,2,A121,39,A143,A151,2,A172,2,A191,A202,2
496,A11,24,A32,A42,A65,A73,2,A94,A101,4,A123,20,A143,A152,1,A173,1,A191,A201,2
497,A12,36,A32,A42,A62,A72,4,A93,A102,1,A124,29,A143,A151,1,A174,1,A192,A201,1
498,A14,24,A34,A42,A61,A74,4,A93,A101,3,A122,40,A143,A152,2,A173,1,A191,A201,2
499,A12,18,A32,A43,A61,A75,4,A94,A103,2,A121,32,A143,A152,1,A172,1,A191,A201,3
500,A13,6,A34,A40,A62,A75,2,A91,A101,4,A123,28,A143,A152,2,A173,2,A192,A201,3
501,A11,24,A32,A40,A61,A72,4,A92,A101,1,A122,27,A143,A152,1,A173,1,A191,A201,2
502,A11,36,A32,A41,A61,A75,2,A93,A101,4,A124,42,A143,A153,1,A173,2,A191,A201,1
503,A13,9,A32,A43,A62,A75,2,A91,A101,4,A121,49,A143,A152,1,A173,1,A191,A201,3
504,A12,24,A34,A43,A62,A72,4,A93,A101,4,A124,38,A141,A152,2,A173,2,A191,A201,3
505,A11,24,A32,A40,A61,A72,4,A92,A101,4,A122,24,A143,A151,1,A173,1,A191,A201,3
506,A14,10,A32,A40,A65,A73,4,A93,A103,4,A122,27,A143,A152,1,A172,1,A191,A201,3
507,A13,15,A34,A41,A63,A73,2,A93,A101,2,A123,36,A143,A152,1,A173,1,A192,A201,2
508,A12,15,A31,A40,A62,A71,1,A93,A101,2,A122,34,A143,A152,1,A174,2,A192,A201,1
509,A14,24,A32,A43,A61,A73,4,A94,A101,2,A122,28,A143,A152,1,A173,1,A191,A201,3
510,A14,39,A32,A41,A62,A75,4,A93,A101,2,A123,45,A143,A152,1,A174,1,A192,A201,1
511,A11,12,A32,A40,A61,A74,4,A93,A101,2,A121,26,A143,A152,1,A173,1,A191,A201,3
512,A14,36,A32,A41,A61,A73,2,A93,A101,2,A124,32,A143,A153,1,A174,1,A192,A201,1
513,A13,15,A32,A49,A61,A74,2,A93,A101,4,A122,26,A143,A151,1,A173,1,A192,A201,2
514,A12,12,A33,A43,A61,A73,4,A94,A102,4,A121,20,A143,A151,2,A173,1,A191,A201,3
515,A14,24,A32,A40,A65,A72,4,A93,A101,1,A122,54,A143,A152,1,A173,1,A191,A201,2
516,A11,6,A34,A40,A61,A74,4,A92,A101,3,A122,37,A143,A152,2,A173,1,A191,A202,3
517,A11,6,A34,A40,A61,A72,2,A93,A101,4,A121,40,A143,A152,1,A172,2,A191,A202,3
518,A14,36,A34,A42,A61,A72,2,A92,A101,4,A122,23,A143,A151,2,A173,1,A192,A201,1
519,A11,6,A32,A40,A62,A75,3,A93,A101,2,A122,43,A143,A152,1,A173,1,A192,A201,3
520,A14,6,A34,A43,A65,A75,4,A93,A101,4,A124,36,A143,A153,2,A173,1,A191,A201,3
521,A14,24,A34,A45,A61,A75,3,A93,A101,4,A124,44,A143,A153,2,A173,1,A191,A201,1
522,A11,18,A32,A43,A61,A73,2,A92,A101,2,A121,24,A143,A152,1,A173,1,A191,A201,2
523,A11,48,A30,A42,A61,A73,3,A93,A101,4,A124,53,A143,A153,2,A173,2,A191,A201,1
524,A14,24,A32,A41,A62,A74,3,A92,A101,4,A123,23,A143,A152,1,A173,1,A191,A201,2
525,A12,18,A32,A43,A61,A73,4,A92,A103,4,A121,26,A143,A152,1,A172,2,A191,A201,3
526,A12,26,A32,A41,A61,A72,2,A93,A101,3,A123,30,A143,A152,2,A173,1,A191,A201,1
527,A14,15,A34,A46,A62,A73,4,A92,A101,3,A123,31,A143,A152,1,A173,1,A191,A201,2
528,A14,4,A34,A43,A61,A74,2,A93,A101,1,A121,42,A143,A152,2,A172,2,A191,A201,2
529,A11,36,A32,A43,A61,A73,,A91,A101,4,A123,31,A143,A151,1,A173,1,A191,A201,2
530,A11,6,A32,A40,A61,A72,3,A93,A101,4,A121,41,A143,A152,1,A172,2,A192,A201,3
531,A12,36,A32,A46,A61,A74,3,A93,A101,1,A123,32,A143,A152,2,A173,2,A191,A201,2
532,A12,15,A32,A40,A62,,2,A92,A101,4,A123,28,A143,A151,2,A173,1,A192,A201,2
533,A14,12,A33,A41,A61,A73,4,A94,A101,4,A121,41,A143,A151,1,A173,1,A191,A201,2
534,A14,24,A32,A43,A62,A74,4,A94,A101,3,A122,26,A143,A152,1,A173,1,A192,A201,3
535,A14,24,A32,A43,A65,A72,4,A93,A101,2,A123,25,A143,A152,2,A173,1,A191,A201,2
536,A13,21,A34,A46,A61,A72,2,A91,A101,1,A123,33,A143,A151,1,A173,1,A191,A201,2
537,A11,6,A32,A40,A65,A71,4,A92,A101,3,A122,75,A143,A152,1,A174,1,A192,A201,3
538,A12,18,A34,A42,A61,A75,3,A92,A101,4,A122,37,A143,A152,1,A173,1,A192,A201,2
539,A11,48,A32,A40,A61,A75,4,A93,A101,4,A124,42,A141,A153,1,A174,1,A191,A201,1
540,A13,18,A32,A42,A61,A72,1,A92,A101,1,A122,45,A142,A152,1,A172,1,A191,A201,2
541,A12,12,A32,A43,A61,A72,1,A94,A101,1,A121,23,A143,A151,1,A173,1,A191,A201,2
542,A14,24,A33,A40,A61,A75,4,A93,A101,4,A124,60,A143,A153,2,A173,1,A192,A201,2
543,A11,30,A32,A42,A65,A75,4,A93,A101,4,A122,31,A143,A152,1,A173,1,A191,A201,1
544,A13,18,A32,A42,A61,A73,2,A93,A101,1,A121,34,A143,A152,1,A172,2,A191,A201,2
545,A14,12,A34,A40,A61,A75,4,A93,A101,4,A121,61,A143,A152,2,A172,1,A191,A201,3
546,A11,24,A33,A40,A61,A71,4,A93,A101,2,A121,43,A143,A153,2,A173,2,A191,A201,3
547,A14,24,A34,A40,A61,A73,4,A92,A101,4,A123,37,A143,A152,1,A173,1,A192,A201,2
548,A14,24,A32,A43,A61,A74,3,A93,A101,1,A123,32,A141,A152,1,A173,2,A191,A201,2
549,A11,12,A31,A43,A61,A73,4,A92,A101,4,A121,24,A141,A152,1,A172,1,A191,A201,3
550,A14,48,A34,A41,A65,A74,2,A93,A101,1,A124,35,A143,A153,2,A173,1,A192,A201,1
551,A14,12,A34,A45,A65,A74,4,A92,A101,4,A121,23,A143,A152,2,A173,1,A191,A201,3
552,A14,6,A31,A43,A63,A75,2,A93,A101,4,A122,45,A141,A152,1,A172,2,A191,A201,2
553,A11,48,A32,A43,A61,A74,1,A94,A103,1,A121,34,A143,A152,2,A173,1,A192,A201,1
554,A12,12,A34,A40,A62,A72,4,A93,A101,1,A123,27,A143,A152,1,A173,1,A191,A201,2
555,A12,9,A32,A46,A61,A74,4,A92,A101,4,A122,67,A143,A152,2,A174,1,A192,A201,3
556,A12,12,A32,A43,A61,A72,2,A93,A101,1,A123,22,A142,A152,1,A173,1,A191,A201,3
557,A12,18,A30,A40,A62,A72,3,A92,A101,3,A123,28,A143,A152,2,A173,1,A191,A201,2
558,A14,21,A30,A40,A65,A73,1,A92,A101,4,A122,29,A141,A152,2,A173,1,A192,A201,1
559,A11,24,A31,A42,A61,A74,3,A93,A101,4,A123,27,A141,A152,1,A173,1,A191,A201,2
560,A12,18,A34,A42,A61,A72,2,A93,A101,2,A121,31,A143,A152,2,A172,1,A191,A201,2
561,A11,24,A32,A41,A65,A75,4,A93,A101,4,A124,49,A141,A153,1,A173,2,A192,A201,2
562,A11,24,A31,A43,A61,A74,4,A93,A103,4,A123,24,A141,A151,1,A172,1,A191,A201,2
563,A13,6,A33,A43,A61,A72,2,A92,A101,1,A122,29,A141,A152,1,A173,1,A191,A201,3
564,A12,36,A32,A40,A65,A73,1,A93,A101,4,A124,37,A143,A153,1,A173,1,A192,A201,1
565,A12,24,A33,A49,A65,A73,,A93,A101,2,A122,37,A141,A152,2,A174,1,A192,A201,1
566,A12,24,A33,A43,A62,A74,3,A92,A101,2,A122,23,A143,A151,2,A173,1,A192,A201,2
567,A11,12,A32,A40,A61,A74,2,A91,A101,3,A123,36,A143,A152,1,A173,1,A191,A201,3
568,A14,24,A34,A43,A64,A75,2,A93,A101,2,A123,34,A143,A152,1,A173,1,A191,A201,2
569,A12,48,A32,A43,A65,A74,4,A93,A101,1,A123,41,A143,A152,2,A173,2,A192,A201,2
570,A11,48,A32,A43,A61,A73,3,A92,A101,2,A123,31,A143,A152,1,A173,1,A192,A201,1
571,A11,24,A32,A42,A61,A72,4,A92,A101,4,A121,23,A143,A151,1,A172,1,A192,A201,2
572,A14,30,A34,A43,A61,A74,3,A93,A102,2,A123,38,A143,A152,1,A173,1,A191,A201,1
573,A14,24,A32,A41,A65,A71,2,A92,A101,4,A122,26,A143,A151,1,A174,1,A192,A201,1
574,A11,15,A32,A49,A61,A73,4,A92,A101,4,A122,22,A143,A152,1,A172,1,A191,A201,3
575,A12,9,A32,A43,A61,A75,4,A93,A101,4,A123,27,A143,A152,2,A172,1,A191,A201,3
576,A14,15,A34,A42,A61,A74,2,A92,A102,3,A123,24,A141,A152,2,A173,1,A191,A201,2
577,A12,12,A32,A43,A61,A74,2,A92,A101,1,A121,27,A143,A152,1,A173,1,A191,A201,2
578,A14,24,A34,A46,A65,A73,3,A92,A101,2,A123,33,A143,A152,2,A173,1,A192,A201,2
579,A12,36,A34,A40,A61,A72,4,A91,A101,4,A123,27,A143,A152,2,A173,1,A191,A201,2
580,A14,24,A32,A48,A61,A72,4,A94,,3,A123,27,A143,A152,2,A172,1,A191,A201,3
581,A12,18,A34,A40,A61,A75,3,A93,A103,3,A121,30,A141,A152,2,A173,1,A191,A201,3
582,A12,12,A34,A40,A61,A72,1,A93,A101,3,A121,49,A141,A152,2,A172,2,A191,A201,2
583,A14,9,A32,A42,A61,A73,4,A92,A101,2,A121,26,A143,A151,1,A173,1,A191,A201,3
584,A12,36,A32,A45,A61,A72,4,A93,A101,1,A124,33,A143,A151,1,A172,1,A191,A201,2
585,A14,12,A32,A40,A65,A75,4,A92,A101,4,A124,52,A143,A153,1,A174,1,A192,A201,2
586,A11,18,A32,A42,A61,A73,1,A92,A101,4,A121,20,A141,A151,1,A173,1,A191,A201,2
587,A11,9,A34,A40,A61,A73,2,A93,A101,2,A121,36,A143,A151,2,A173,2,A191,A201,2
588,A11,12,A32,A42,A61,A73,4,A93,A103,1,A122,21,A143,A152,1,A172,1,A191,A201,3
589,A11,18,A32,A44,A61,A73,4,A94,A101,3,A121,47,A143,A152,1,A172,1,A192,A201,3
590,A11,12,A34,A42,A61,A75,3,A93,A101,3,A122,60,A143,A152,2,A173,1,A191,A201,2
591,A11,12,A34,A43,A61,A74,4,A92,A101,3,A121,58,A143,A152,4,A172,1,A192,A201,3
592,A12,24,A33,A40,A65,A73,4,A92,A101,4,A123,42,A143,A151,2,A173,1,A192,A201,2
593,A14,21,A32,A49,A64,A75,4,A92,A101,4,A121,36,A141,A152,1,A172,1,A191,A201,2
594,A12,24,A32,A40,A61,A73,3,A92,A101,4,A122,20,A143,A151,1,A172,1,A192,A201,2
595,A11,24,A31,A410,A65,A75,4,A93,A101,3,A123,40,A142,A152,1,A174,1,A192,A201,3
596,A12,6,A31,A40,A62,A72,1,A92,A101,1,A122,32,A142,A152,1,A172,1,A191,A201,3
597,A11,24,A32,A40,A61,A74,4,A92,A101,4,A123,23,A143,A151,2,A173,1,A191,A201,3
598,A12,24,A30,A49,A61,A73,1,A93,A101,4,A121,36,A143,A152,3,A172,1,A192,A201,1
599,A14,18,A34,A40,A61,A74,2,A93,A101,2,A122,31,A141,A152,2,A173,1,A191,A201,2
600,A14,24,A33,A49,A61,A73,1,A93,A101,2,A124,32,A143,A153,1,A173,1,A191,A201,2
601,A12,7,A32,A43,A61,A72,1,A92,A103,1,A121,45,A143,A152,1,A173,1,A191,A201,2
602,A12,9,A32,A42,A61,A73,4,A92,A101,1,A122,30,A143,A152,1,A173,1,A191,A201,3
603,A12,24,A31,A46,A61,A74,,A92,A101,4,A124,34,A141,A153,1,A172,1,A191,A201,2
604,A14,36,A32,A42,A61,A73,4,A92,A101,2,A123,28,A143,A152,1,A174,1,A192,A201,2
605,A13,10,A32,A42,A61,A72,4,A92,A101,2,A122,23,A143,A152,1,A173,1,A191,A201,3
606,A11,24,A31,A42,A63,A73,4,A93,A101,4,A121,22,A142,A152,1,A173,1,A192,A201,2
607,A14,24,A34,A49,A61,A73,3,A93,A101,2,A121,74,A143,A152,1,A174,1,A192,A201,1
608,A12,36,A32,A43,A62,A73,4,A92,A102,4,A124,50,A143,A153,1,A173,1,A191,A201,2
609,A14,18,A32,A43,A61,A72,4,A93,A101,1,A121,33,A143,A152,1,A173,1,A191,A201,2
610,A14,15,A32,A41,A65,A75,4,A93,A101,4,A124,45,A141,A153,1,A173,2,A191,A201,3
611,A11,12,A32,A44,A62,A71,4,A92,A101,3,A122,22,A143,A152,1,A173,1,A191,A201,3
612,A13,10,A32,A40,A62,A75,1,A92,A101,4,A124,48,A143,A153,1,A172,2,A191,A201,3
613,A11,21,A32,A43,A64,A72,4,A92,A101,2,A123,29,A141,A152,1,A173,1,A191,A201,2
614,A11,24,A31,A41,A61,A73,1,A92,A103,4,A123,22,A141,A151,1,A173,1,A191,A202,2
615,A14,18,A33,A42,A61,A74,4,A92,A101,1,A121,22,A143,A152,1,A173,1,A191,A201,2
616,A12,48,A30,A49,A65,A73,2,A93,A101,2,A123,48,A141,A152,1,A174,1,A192,A201,1
617,A12,60,A33,A43,A65,A73,2,A93,A101,2,A124,27,A143,A153,1,A174,1,A191,A201,1
618,A11,6,A34,A40,A61,A73,1,A93,A101,3,A121,37,A143,A151,3,A173,2,A191,A201,2
619,A12,30,A32,A42,A62,A73,2,A92,A102,4,A123,21,A143,A151,1,A173,1,A191,A201,2
620,A14,12,A32,A40,A61,A73,4,A91,A101,2,A121,49,A143,,1,A172,1,A191,A201,3
621,A12,21,A34,A49,A61,A74,2,A93,A101,3,A122,27,A143,A152,2,A173,1,A191,A201,2
622,A14,18,A34,A40,A61,A73,3,A93,A101,2,A122,32,A141,A152,2,A173,1,A191,A201,2
623,A14,48,A32,A49,A65,A73,4,A91,A101,2,A121,38,A141,A152,1,A173,1,A191,A201,2
624,A11,12,A32,A42,A61,A72,4,A92,A101,1,A123,22,A143,A151,1,A173,1,A191,A201,2
625,A11,18,A32,A43,A61,A73,4,A93,A101,4,A124,65,A143,A153,2,A173,1,A191,A201,2
626,A14,15,A32,A43,A65,A75,4,A93,A101,2,A123,35,A143,A152,1,A173,1,A191,A201,2
627,A13,6,A32,A42,A61,A73,2,A93,A101,2,A121,41,A143,A152,1,A173,1,A192,A201,2
628,A12,9,A31,A40,A62,A74,2,A93,A101,3,A124,29,A143,A152,1,A173,1,A191,A201,3
629,A14,42,A34,A42,A63,A73,4,A93,A101,4,A121,36,A143,A152,2,A173,1,A192,A201,1
630,A14,9,A32,A46,A65,A75,1,A93,A101,4,A121,64,A143,A152,1,A172,1,A191,A201,2
631,A11,24,A32,A43,A61,A73,2,A92,A101,4,A123,28,A143,A152,1,A173,1,A191,A201,2
632,A11,18,A31,A42,A61,A73,4,A93,A101,3,A123,44,A141,A152,1,A173,1,A191,A201,2
633,A12,15,A32,A43,A65,A72,4,A93,A101,1,A122,23,A143,A152,1,A173,1,A191,A201,3
634,A14,9,A32,A42,A61,A72,2,A92,A102,2,A123,19,A143,A151,2,A173,1,A191,A201,2
635,A12,24,A32,A40,A61,A72,3,A92,A101,4,A123,25,A143,A152,1,A172,1,A192,A201,3
636,A14,12,A32,A46,A61,A75,4,A93,,4,A122,47,A141,A152,3,A173,2,A192,A201,3
637,A14,24,A32,A43,A63,A74,4,A92,A101,1,A123,28,A143,A152,1,A173,1,A191,A201,3
638,A14,60,A33,A43,A61,A74,2,A93,A101,4,A123,21,A143,A152,2,A173,1,A192,A201,1
639,A14,12,A32,A43,A61,A72,4,A92,A101,3,A123,34,A143,A152,1,A173,2,A191,A201,3
640,A11,42,A33,A43,A61,A74,3,A93,A101,2,A122,26,A141,A152,2,A173,2,A192,A201,1
641,A11,18,A32,A46,A61,A71,4,A92,A101,1,A121,27,A143,A152,1,A171,1,A191,A201,3
642,A12,15,A32,A45,A61,A75,4,A93,A101,4,A123,38,A143,A152,2,A172,1,A191,A201,3
643,A14,15,A32,A46,A62,A73,3,A93,A101,2,A122,40,A143,A152,1,A174,1,A192,A201,1
644,A14,24,A34,A43,A61,A74,4,A94,A103,2,A123,33,A143,A152,2,A173,1,A192,A201,2
645,A11,18,A34,A43,A61,A74,4,A94,A101,1,A122,32,A143,A152,2,A174,1,A192,A201,2
646,A14,36,A33,A49,A65,A72,4,A93,A101,4,A123,27,A143,A151,2,A173,1,A192,A201,1
647,A11,30,A30,A42,A61,A73,2,A91,A103,2,A121,32,A143,A152,2,A173,1,A191,A201,1
648,A14,12,A32,A40,A63,A73,2,A92,A101,2,A122,26,A143,A152,1,A173,1,A191,A201,3
649,A13,24,A32,A40,A61,A74,4,A93,A101,3,A124,38,A141,A153,1,A173,2,A191,A201,3
650,A11,12,A32,A46,A61,A73,4,A93,A101,4,A123,40,A143,A151,1,A172,2,A191,A201,3
651,A11,48,A32,A46,A61,A74,4,A93,A101,1,A124,50,A143,A153,1,A174,1,A192,A201,1
652,A12,12,A32,A42,A61,A73,,A93,A101,2,A122,37,A143,A152,1,A172,1,A191,A201,2
653,A11,24,A32,A40,A61,A75,4,A93,A102,1,A121,45,A143,A152,1,A173,1,A191,A201,2
654,A12,36,A33,A40,A62,A75,2,A93,A101,4,A123,42,A143,A152,4,A174,1,A192,A201,1
655,A14,24,A34,A41,A61,A74,4,A93,A101,3,A123,35,A143,A152,2,A173,1,A192,A201,2
656,A11,14,A32,A40,A61,A71,1,A93,A101,4,A124,22,A143,A153,1,A173,1,A191,A201,2
657,A12,12,A32,A40,A61,A75,4,A93,A101,4,A123,41,A141,A152,1,A172,2,A191,A201,3
658,A14,48,A32,A43,A65,A74,4,A93,A101,3,A123,37,A142,A152,1,A173,1,A192,A201,1
659,A12,30,A30,A49,A61,A73,2,A92,A101,1,A123,28,A143,A152,2,A173,1,A191,A201,1
660,A12,18,A34,A42,A61,A75,2,A93,A101,1,A124,41,A143,A152,1,A173,1,A192,A201,1
661,A13,12,A32,A43,A61,A73,3,A94,A101,4,A121,23,A143,A151,1,A173,1,A191,A201,3
662,A11,12,A32,A40,A65,A73,4,A94,A101,2,A123,23,A143,A152,1,A173,1,A191,A201,3
663,A14,21,A32,A42,A61,A75,4,A93,A101,2,A121,50,A143,A152,2,A173,1,A191,A201,2
664,A12,6,A33,A42,A61,A71,4,A93,A101,1,A122,35,A142,A152,2,A174,1,A192,A201,3
665,A13,6,A34,A46,A61,A73,2,A92,A101,4,A122,50,A143,A152,1,A172,1,A191,A201,3
666,A14,24,A34,A410,A61,A71,4,A93,A102,2,A124,27,A141,A152,2,A174,1,A192,A201,1
667,A12,30,A31,A42,A64,A73,4,A93,A101,2,A123,34,A142,A152,1,A173,2,A192,A201,2
668,A14,48,A31,A49,A61,,1,A92,A101,1,A121,27,A142,A152,1,A173,1,A191,A201,2
669,A11,12,A34,A40,A61,A75,3,A93,A102,4,A122,43,A143,A151,2,A173,1,A192,A201,1
670,A13,30,A34,A43,A61,A75,4,A93,A101,4,A122,47,A143,A152,1,A173,1,A191,A201,2
671,A14,24,A34,A49,A62,A73,3,A93,A101,3,A122,27,A143,A152,2,A172,1,A192,A201,1
672,A14,36,A32,A49,A62,A74,2,A93,A101,2,A123,31,A143,A152,2,A173,1,A192,A201,1
673,A14,60,A32,A40,A61,A75,2,A93,A101,4,A122,42,A143,A152,1,A174,1,A192,A201,1
674,A14,6,A34,A40,A63,A73,1,A94,A101,2,A123,24,A143,A152,1,A173,1,A191,A201,2
675,A14,21,A33,A49,A63,A72,4,A93,A101,2,A121,41,A141,A152,1,A172,2,A191,A201,2
676,A14,30,A34,A43,A61,A74,4,A92,A101,4,A123,26,A143,A151,1,A174,1,A192,A201,1
677,A14,24,A34,A42,A61,A75,4,A93,A101,4,A123,33,A143,A152,1,A173,1,A192,A201,1
678,A12,72,A32,A43,A62,A73,2,A94,A101,2,A123,24,A143,A152,1,A173,1,A191,A201,1
679,A11,24,A32,A43,A61,A75,4,A93,A101,4,A121,64,A141,A151,1,A172,1,A191,A201,2
680,A14,18,A32,A43,A61,A72,3,A92,A101,1,A121,26,A143,A152,1,A173,1,A191,A201,3
681,A14,6,A32,A46,A61,A72,1,A92,A101,2,A124,56,A143,A152,1,A173,1,A191,A201,2
682,A14,12,A32,A43,A65,A73,4,A93,A101,4,A124,37,A143,A153,1,A173,1,A192,A201,2
683,A14,15,A33,A43,A61,A73,4,A94,A101,3,A121,33,A141,A152,2,A173,1,A191,A201,3
684,A14,24,A34,A43,A61,A72,3,A94,A101,3,A124,47,A143,A153,3,A173,1,A192,A201,1
685,A12,36,A33,A49,A62,A74,1,A93,A101,3,A122,31,A143,A152,2,A172,2,A192,A201,1
686,A14,60,A32,A40,A65,A73,4,A93,A101,4,A124,34,A143,A153,1,A173,2,A192,A201,1
687,A13,10,A34,A43,A65,A74,4,A93,A101,2,A122,27,A143,A152,2,A173,1,A192,A201,3
688,A12,36,A33,A40,A62,A75,4,A93,A101,3,A124,30,A143,A153,1,A173,1,A191,A201,2
689,A14,9,A32,A43,A62,A75,3,A93,A102,4,A123,35,A143,A152,1,A173,1,A192,A201,2
690,A11,12,A32,A40,A64,A73,1,A93,A101,3,A122,31,A143,A152,1,A173,2,A191,A201,2
691,A11,15,A34,A42,A61,A73,2,A91,A101,3,A122,25,A143,A152,2,A173,1,A191,A201,3
692,A12,15,A32,A45,A62,A73,3,A92,A101,2,A121,25,A143,A152,1,A172,1,A191,A201,2
693,A12,24,A32,A43,A62,A72,2,A93,A101,1,A123,29,A143,A152,1,A173,1,A191,A201,2
694,A11,6,A34,A40,A65,A72,1,A93,A101,3,A121,44,A143,A152,2,A172,2,A191,A201,1
695,A14,24,A32,A43,A61,A74,4,A93,A101,2,A123,28,A143,A152,1,A173,1,A192,A201,2
696,A14,6,A32,A41,A63,A73,2,A93,A101,4,A122,50,A143,A151,1,A173,1,A191,A201,3
697,A12,12,A32,A43,A61,A74,4,A93,A103,3,A121,29,A143,A152,2,A173,1,A191,A202,3
698,A14,12,A34,A40,A61,A71,1,A92,A101,2,A122,38,A143,A152,1,A171,1,A191,A201,3
699,A14,18,A34,A43,A61,A73,4,A93,A101,2,A123,24,A143,A152,2,A173,1,A191,A201,2
700,A13,15,A32,A46,A61,A75,4,A93,A101,4,A123,40,A143,A151,1,A174,1,A192,A201,2
701,A14,12,A32,A42,A63,A73,4,A92,A101,4,A123,29,A143,A151,1,A172,1,A191,A201,3
702,A11,48,A34,A41,A61,A75,4,A93,A101,4,A124,46,A143,A153,2,A173,1,A192,A201,1
703,A13,24,A32,A43,A62,A75,4,A92,A101,2,A124,47,A143,A153,1,A173,1,A192,A201,3
704,A12,30,A33,A49,A62,A75,4,A93,A101,2,A122,41,A142,A152,2,A173,1,A191,A201,2
705,A12,27,A32,A49,A61,A72,4,A92,A101,1,A122,32,A143,A152,1,A173,2,A192,A201,2
706,A14,15,A32,A40,A63,A75,1,A92,A101,4,A124,35,A143,A153,1,A173,1,A191,A201,1
707,A12,48,A32,A40,A62,A74,3,A93,A101,2,A122,24,A143,A152,1,A173,1,A191,A201,1
708,A12,12,A30,A42,A61,A72,4,A92,A101,3,A122,25,A143,A151,2,A173,1,A191,A201,2
709,A12,9,A32,A43,A61,A75,4,A92,A101,4,A121,25,A143,A152,1,A173,1,A191,A201,3
710,A12,9,A32,A43,A61,A73,2,A93,A101,2,A121,37,A143,A152,1,A172,2,A191,A201,2
711,A14,18,A34,A43,A63,A75,4,A93,A101,3,A122,32,A141,A152,2,A174,1,A192,A201,3
712,A11,6,A31,A46,A61,A75,4,A92,A101,4,A124,35,A143,A153,1,A173,1,A191,A201,3
713,A14,21,A32,A41,A65,A75,4,A93,A101,4,A121,46,A143,A152,1,A174,1,A192,A201,2
714,A11,9,A34,A43,A61,A73,4,A93,A101,4,A121,25,A143,A152,2,A172,1,A191,A201,3
715,A12,60,A32,A40,A61,A74,4,A93,A101,2,A124,27,A143,A152,1,A174,1,A192,A201,1
716,A14,30,A34,A41,A65,A75,1,A93,A101,4,A123,63,A143,A152,2,A173,1,A191,A201,1
717,A14,30,A34,A43,A65,A75,3,A93,A101,2,A123,40,A143,A152,2,A173,2,A192,A201,2
718,A14,18,A32,A43,A61,A73,4,A93,,2,A124,32,A143,A153,1,A174,1,A192,A201,2
719,A13,24,A34,A43,A65,A73,3,A93,A101,2,A123,31,A143,A152,2,A173,1,A192,A201,2
720,A12,20,A30,A41,A62,A75,3,A94,A101,4,A123,31,A141,A152,2,A173,1,A192,A201,1
721,A13,9,A30,A43,A61,A72,4,A93,A101,2,A123,34,A143,A152,2,A174,1,A192,A201,3
722,A12,6,A31,A46,A64,A72,4,A92,A101,2,A122,24,A141,A151,1,A173,2,A191,A201,3
723,A11,12,A32,A40,A61,A73,4,A92,A101,2,A121,24,A143,A152,1,A172,1,A191,A201,3
724,A12,9,A32,A43,A63,A73,4,A92,A101,3,A121,66,A143,A152,1,A172,1,A191,A201,3
725,A14,27,A32,A40,A61,A73,3,A92,A101,3,A121,21,A143,A151,1,A173,1,A191,A201,2
726,A14,6,A34,A40,A64,A73,2,A92,A101,2,A121,41,A141,A152,2,A172,1,A191,A201,3
727,A14,15,A34,A43,A63,A73,2,A94,A101,2,A122,47,A143,A152,2,A172,1,A191,A201,3
728,A11,18,A32,A43,A61,A73,4,A92,A101,4,A123,25,A141,A151,2,A173,1,A191,A201,2
729,A12,48,A31,A49,A61,A75,4,A92,A101,3,A124,59,A143,A151,1,A173,1,A191,A201,1
730,A13,24,A34,A49,A64,,2,A91,A101,4,A121,36,A143,A152,2,A173,1,A192,A201,3
731,A12,24,A33,A43,A61,A72,1,A93,A101,2,A123,33,A143,A152,1,A173,1,A191,A201,1
732,A11,24,A32,A43,A61,A73,2,A93,A101,4,A121,21,A143,A151,1,A172,2,A191,A201,2
733,A12,8,A32,A43,A61,A74,4,A92,A103,2,A121,44,A143,A152,1,A172,1,A191,A201,3
734,A14,24,A32,A41,A64,A73,2,A92,A101,4,A123,28,A143,A151,1,A173,1,A192,A201,2
735,A14,4,A34,A40,A61,A74,1,A92,A101,1,A121,37,A143,A152,1,A173,2,A191,A201,2
736,A12,36,A31,A44,A65,A72,3,A92,A101,2,A124,29,A141,A152,1,A171,1,A191,A201,2
737,A12,24,A32,A41,A61,A73,1,A92,A101,4,A123,23,A143,A151,2,A174,1,A191,A201,1
738,A11,18,A32,A40,A62,A73,3,A93,A101,4,A123,35,A143,A152,1,A172,2,A192,A201,1
739,A14,6,A34,A40,A61,A74,1,A93,A101,3,A124,45,A143,A152,2,A174,2,A192,A201,1
740,A12,30,A30,A49,A62,A73,4,A92,A101,4,A123,26,A143,A151,2,A172,1,A191,A201,1
741,A11,24,A31,A40,A62,A74,2,A93,A101,3,A123,32,A141,A152,1,A173,1,A191,A201,2
742,A12,10,A31,A43,A61,A73,4,A93,A101,4,A121,23,A142,A152,1,A172,1,A191,A201,3
743,A14,21,A32,A43,A65,A75,4,A93,A101,3,A122,41,A143,A152,1,A173,1,A192,A201,2
744,A11,24,A31,A42,A63,A73,4,A93,A101,4,A121,22,A142,A152,1,A173,1,A192,A201,2
745,A11,39,A34,A42,A65,A74,4,A93,A101,4,A122,30,A143,A152,2,A174,1,A192,A201,1
746,A11,13,A34,A49,A61,A72,3,A93,A101,1,A122,28,A141,A152,2,A172,1,A191,A201,2
747,A11,15,A32,A40,A61,A71,1,A92,A101,4,A123,23,A143,A151,1,A173,1,A191,A201,2
748,A11,12,A32,A40,A61,A72,3,A92,A101,1,A121,37,A143,A152,1,A172,1,A191,A201,3
749,A14,21,A32,A41,A65,A73,1,A93,A101,3,A123,26,A143,A152,1,A173,1,A191,A201,1
750,A14,15,A32,A41,A61,A74,2,A93,A101,2,A123,33,A143,A152,1,A173,1,A191,A201,2
751,A11,6,A32,A42,A61,A75,2,A92,A101,1,A122,49,A141,A152,1,A173,1,A192,A201,3
752,A11,18,A32,A40,A61,A72,1,A92,A101,2,A123,23,A143,A152,1,A172,1,A191,A201,3
753,A12,12,A32,A49,A62,A74,2,A92,A101,4,A121,23,A143,A151,1,A172,1,A191,A201,3
754,A14,30,A34,A43,A61,A74,4,A92,A101,2,A123,25,A143,,2,A173,1,A191,A201,1
755,A14,12,A33,A45,A64,A75,4,A93,A101,4,A124,55,A143,A153,2,A173,2,A191,A201,2
756,A11,24,A32,A40,A65,A74,4,A92,A101,4,A124,32,A143,A151,1,A173,1,A191,A201,3
757,A13,6,A34,A40,A61,A73,1,A93,A101,1,A121,74,A143,A152,3,A171,2,A191,A202,3
758,A13,15,A34,A43,A65,A73,3,A93,A101,4,A124,39,A143,A153,2,A173,1,A192,A201,3
759,A14,24,A32,A40,A61,A73,2,A93,A103,2,A121,31,A143,A152,1,A173,1,A192,A201,3
760,A11,12,A34,A40,A61,A75,4,A93,A101,3,A122,,A143,A152,2,A173,1,A191,A201,3
761,A14,15,A34,A40,A65,A75,1,A92,A101,4,A123,59,A143,A152,1,A173,1,A192,A201,1
762,A11,18,A34,A42,A61,A73,4,A92,A101,4,A121,24,A143,A151,2,A173,1,A191,A201,2
763,A11,12,A32,A43,A61,A73,4,A93,A101,3,A122,24,A143,A152,1,A172,1,A191,A201,2
764,A14,21,A34,A40,A65,A75,4,A93,A101,4,A124,30,A143,A153,1,A174,1,A192,A201,1
765,A14,24,A34,A40,A62,A74,4,A94,A101,3,A122,27,A143,A152,2,A173,1,A192,A201,2
766,A12,12,A32,A43,A61,A75,3,A94,A103,3,A121,40,A141,A152,2,A172,1,A191,A201,3
767,A11,30,A32,A42,A61,A72,2,A91,A101,4,A122,31,A143,A152,1,A172,1,A191,A201,2
768,A14,10,A32,A41,A65,A72,1,A92,A101,4,A121,31,A143,A151,1,A173,1,A191,A201,2
769,A12,12,A34,A42,A61,A75,1,A93,A101,4,A123,28,A143,A151,3,A173,1,A192,A201,2
770,A14,12,A34,A43,A61,A75,2,A93,A101,4,A121,63,A143,A152,2,A172,1,A192,A201,2
771,A11,24,A32,A41,A65,A75,2,A92,A101,4,A121,26,A143,A151,1,A173,1,A191,A201,2
772,A11,36,A34,A46,A61,A73,3,A92,A101,2,A124,25,A143,A152,2,A174,1,A192,A201,1
773,A14,21,A34,A41,A61,A75,1,A93,A101,4,A123,36,A143,A152,1,A174,1,A192,A201,2
774,A14,24,A34,A43,A62,A75,4,A93,A101,4,A122,52,A141,A152,2,A173,1,A191,A201,2
775,A13,12,A34,A40,A63,A71,2,A93,A101,4,A124,66,A141,A153,3,A171,1,A191,A201,3
776,A11,24,A32,A40,A65,A73,4,A92,A101,4,A121,25,A143,A151,1,A173,1,A191,A201,3
777,A14,36,A34,A40,A61,A74,4,A93,A101,4,A123,37,A143,A152,2,A173,1,A192,A201,2
778,A11,18,A32,A43,A61,A74,4,A92,A103,1,A121,25,A143,A152,1,A173,1,A191,A201,2
779,A14,36,A34,A41,A64,A75,4,A93,A101,2,A123,38,A143,A152,2,A174,1,A192,A201,1
780,A12,18,A32,A45,A61,A71,2,A92,A101,4,A123,67,A143,A152,1,A173,1,A192,A201,2
781,A12,39,A34,A43,A61,A74,2,A93,A103,2,A121,25,A143,A152,2,A173,1,A191,A201,1
782,A14,24,A34,A40,A64,A75,4,A93,A101,4,A121,60,A143,A152,1,A173,1,A192,A201,2
783,A12,12,A30,A48,A61,A73,2,A93,A101,2,A121,31,A143,A152,1,A172,1,A192,A201,3
784,A12,12,A32,A40,A62,A72,4,A92,A101,2,A122,23,A141,A152,1,A172,1,A191,A201,3
785,A12,20,A32,A41,A65,A71,1,A91,A101,4,A121,60,A143,A152,1,A174,1,A192,A201,1
786,A12,18,A32,A49,A64,A73,4,A93,A101,2,A122,35,A143,A152,1,A172,1,A192,A201,2
787,A14,22,A32,A43,A63,A75,3,A93,A101,4,A123,40,A143,A152,1,A173,1,A191,A201,2
788,A14,48,A34,A41,A65,A75,4,A93,A101,3,A123,38,A143,A152,2,A173,2,A192,A201,2
789,A12,48,A33,A46,A61,A75,4,A93,A101,4,A124,50,A143,A153,1,A173,1,A191,A201,1
790,A11,40,A34,A46,A61,A73,4,A93,A101,3,A124,27,A141,A152,1,A173,1,A192,A201,1
791,A12,21,A32,A49,A61,A75,2,A92,A101,4,A122,39,A143,A152,1,A173,2,A191,A201,3
792,A14,24,A32,A41,A65,A75,3,A93,A101,4,A123,41,A143,A152,1,A174,2,A192,A201,1
793,A14,6,A34,A42,A65,A73,1,A94,A101,2,A122,27,A143,A152,2,A173,1,A191,A201,3
794,A13,24,A32,A42,A61,A75,3,A91,A101,4,A124,51,A143,A153,1,A173,1,A191,A201,2
795,A14,24,A32,A42,A63,A75,,A93,A101,3,A124,32,A143,A151,1,A173,1,A192,A201,2
796,A14,9,A32,A42,A62,A72,2,A92,A101,4,A122,22,A143,A151,1,A173,1,A191,A201,2
797,A11,18,A32,A41,A65,A75,1,A93,A101,4,A122,51,A143,A153,1,A173,2,A192,A201,1
798,A14,12,A34,A42,A61,A72,2,A92,A101,4,A122,22,A143,A151,2,A172,1,A191,A201,3
799,A14,24,A33,A40,A65,A75,4,A94,A101,4,A123,54,A143,A152,2,A173,1,A192,A201,3
800,A12,9,A32,A40,A65,A72,4,A93,A101,2,A121,35,A143,A152,1,A171,1,A191,A201,2
